Mutation type,Trinucleotide,Kidney-RCC::MSI-H.S.1
C>A,ACA,-29.477762200511222
C>A,ACC,3.064185892394306
C>A,ACG,3.569920377471629
C>A,ACT,-3.6425232823549436
C>A,CCA,3.8537201886867507
C>A,CCC,31.334535257502353
C>A,CCG,-5.81803125722535
C>A,CCT,-27.680007945216516
C>A,GCA,-24.4253766494027
C>A,GCC,26.067669768374188
C>A,GCG,0.9069862203512074
C>A,GCT,-6.782831408457625
C>A,TCA,-22.635769525872632
C>A,TCC,-7.0272666258015875
C>A,TCG,9.332420593701425
C>A,TCT,56.07263995097148
C>G,ACA,-4.222152927198721
C>G,ACC,-22.811593408021295
C>G,ACG,-7.117991687325203
C>G,ACT,-16.971262037380114
C>G,CCA,-1.3908054049025935
C>G,CCC,-12.538715240857677
C>G,CCG,1.2699363037025462
C>G,CCT,45.13574553188441
C>G,GCA,-4.558768914802112
C>G,GCC,-1.9361790270315282
C>G,GCG,-2.6720513455774553
C>G,GCT,-5.2749106706427185
C>G,TCA,-10.662546600367179
C>G,TCC,-26.190726668359446
C>G,TCG,-2.4155682758067183
C>G,TCT,12.676836911903479
C>T,ACA,70.04917360397178
C>T,ACC,-11.29727888683658
C>T,ACG,10.103532091733314
C>T,ACT,-5.401022516027524
C>T,CCA,-21.54830566243413
C>T,CCC,-25.062449021805833
C>T,CCG,-42.092758105923735
C>T,CCT,-29.51560306231397
C>T,GCA,-43.80061931574164
C>T,GCC,-21.899919707481672
C>T,GCG,5.3148445102968935
C>T,GCT,19.994799269994928
C>T,TCA,-42.25855280323151
C>T,TCC,57.577518468067524
C>T,TCG,18.567739413450624
C>T,TCT,46.5031851612828
T>A,ATA,-10.214489871795791
T>A,ATC,2.506322450868794
T>A,ATG,-1.1196853222776895
T>A,ATT,49.23559535292577
T>A,CTA,-4.108111133270761
T>A,CTC,22.600724599010647
T>A,CTG,-3.9897788657380175
T>A,CTT,-7.27492855785809
T>A,GTA,-9.923357881431023
T>A,GTC,5.021277644232313
T>A,GTG,-10.400368416348925
T>A,GTT,8.935066339127033
T>A,TTA,14.25377787237582
T>A,TTC,4.341480983378773
T>A,TTG,-19.427048606179603
T>A,TTT,-43.22306539230169
T>C,ATA,4.367150897006923
T>C,ATC,9.642588162107486
T>C,ATG,19.82551537694883
T>C,ATT,10.703720311795081
T>C,CTA,5.4445584949954196
T>C,CTC,23.48831003465729
T>C,CTG,-46.754516024719464
T>C,CTT,-22.679373772963288
T>C,GTA,63.40224458805824
T>C,GTC,-7.45001004492687
T>C,GTG,-28.891925598430873
T>C,GTT,-46.586838664598815
T>C,TTA,-7.193838182428124
T>C,TTC,-9.749508508865802
T>C,TTG,-17.163291603548032
T>C,TTT,-11.731696023022721
T>G,ATA,2.7794235809502794
T>G,ATC,-9.217689514983164
T>G,ATG,3.050333163335395
T>G,ATT,64.87758582697487
T>G,CTA,3.6335204849511804
T>G,CTC,14.37010401078814
T>G,CTG,1.7658317506589896
T>G,CTT,1.127779413122198
T>G,GTA,0.6845097765111507
T>G,GTC,-6.477087481205428
T>G,GTG,10.724274421136986
T>G,GTT,-10.212743314179761
T>G,TTA,-26.792635034042306
T>G,TTC,26.053537873087564
T>G,TTG,3.985585823210755
T>G,TTT,-29.301559947069904
