MutationType	Lung-AdenoCA::S.1	Lung-AdenoCA::S.2	Lung-AdenoCA::S.3	Lung-AdenoCA::S.4	Lung-AdenoCA::S.5	Lung-AdenoCA::S.6	Lung-AdenoCA::S.7	Lung-AdenoCA::S.8	Lung-AdenoCA::S.9	Lung-AdenoCA::S.10	Lung-AdenoCA::S.11	Lung-AdenoCA::S.12	Lung-AdenoCA::S.13	Lung-AdenoCA::S.14	Lung-AdenoCA::S.15	Lung-AdenoCA::S.16	Lung-AdenoCA::S.17	Lung-AdenoCA::S.18	Lung-AdenoCA::S.19	Lung-AdenoCA::S.20	Lung-AdenoCA::S.21	Lung-AdenoCA::S.22	Lung-AdenoCA::S.23	Lung-AdenoCA::S.24	Lung-AdenoCA::S.25	Lung-AdenoCA::S.26	Lung-AdenoCA::S.27	Lung-AdenoCA::S.28	Lung-AdenoCA::S.29	Lung-AdenoCA::S.30	Lung-AdenoCA::S.31	Lung-AdenoCA::S.32	Lung-AdenoCA::S.33	Lung-AdenoCA::S.34	Lung-AdenoCA::S.35	Lung-AdenoCA::S.36	Lung-AdenoCA::S.37	Lung-AdenoCA::S.38	Lung-AdenoCA::S.39	Lung-AdenoCA::S.40	Lung-AdenoCA::S.41	Lung-AdenoCA::S.42	Lung-AdenoCA::S.43	Lung-AdenoCA::S.44	Lung-AdenoCA::S.45	Lung-AdenoCA::S.46	Lung-AdenoCA::S.47	Lung-AdenoCA::S.48	Lung-AdenoCA::S.49	Lung-AdenoCA::S.50	Lung-AdenoCA::S.51	Lung-AdenoCA::S.52	Lung-AdenoCA::S.53	Lung-AdenoCA::S.54	Lung-AdenoCA::S.55	Lung-AdenoCA::S.56	Lung-AdenoCA::S.57	Lung-AdenoCA::S.58	Lung-AdenoCA::S.59	Lung-AdenoCA::S.60	Lung-AdenoCA::S.61	Lung-AdenoCA::S.62	Lung-AdenoCA::S.63	Lung-AdenoCA::S.64	Lung-AdenoCA::S.65	Lung-AdenoCA::S.66	Lung-AdenoCA::S.67	Lung-AdenoCA::S.68	Lung-AdenoCA::S.69	Lung-AdenoCA::S.70	Lung-AdenoCA::S.71	Lung-AdenoCA::S.72	Lung-AdenoCA::S.73	Lung-AdenoCA::S.74	Lung-AdenoCA::S.75	Lung-AdenoCA::S.76	Lung-AdenoCA::S.77	Lung-AdenoCA::S.78	Lung-AdenoCA::S.79	Lung-AdenoCA::S.80	Lung-AdenoCA::S.81	Lung-AdenoCA::S.82	Lung-AdenoCA::S.83	Lung-AdenoCA::S.84	Lung-AdenoCA::S.85	Lung-AdenoCA::S.86	Lung-AdenoCA::S.87	Lung-AdenoCA::S.88	Lung-AdenoCA::S.89	Lung-AdenoCA::S.90	Lung-AdenoCA::S.91	Lung-AdenoCA::S.92	Lung-AdenoCA::S.93	Lung-AdenoCA::S.94	Lung-AdenoCA::S.95	Lung-AdenoCA::S.96	Lung-AdenoCA::S.97	Lung-AdenoCA::S.98	Lung-AdenoCA::S.99	Lung-AdenoCA::S.100
A[C>A]A	9545	138	381	73	275	1514	2213	3687	270	1481	263	193	2012	509	484	77	1380	1367	217	1143	34	3694	172	2370	1509	990	2229	1902	135	1271	1409	218	94	546	208	127	1072	1795	264	492	642	75	294	2373	380	95	1138	796	187	7	80	206	755	796	2613	3275	518	199	28	4279	898	997	411	1634	654	545	154	2547	897	525	513	50	845	1357	1212	18	1912	227	82	30	902	719	123	2698	560	834	89	675	2175	105	117	1933	2196	476	716	2534	180	115	1331	266
A[C>A]C	7402	68	330	61	340	1742	1828	3747	138	1052	178	94	1217	334	399	30	1104	502	125	567	49	2545	130	2833	1394	360	1760	1438	78	874	797	142	137	363	174	69	677	1359	168	510	612	35	190	2082	207	79	1184	399	114	5	66	99	680	861	1195	3756	562	94	22	3262	581	555	215	1438	272	510	158	3220	602	330	255	24	1213	764	1124	11	1514	117	72	20	1105	548	95	1406	397	508	68	460	1570	107	52	992	1371	183	490	1661	434	52	1238	353
A[C>A]G	2437	24	46	12	192	676	533	1844	41	627	13	15	488	52	137	5	321	542	34	270	8	739	12	1323	433	54	995	680	25	282	512	30	24	66	74	13	131	531	29	104	251	11	34	650	45	10	549	66	51	3	23	24	234	282	599	938	58	28	1	1959	182	290	30	451	111	188	34	1719	318	251	61	4	480	393	461	2	644	24	10	8	533	167	15	814	171	280	9	264	627	10	53	994	882	54	242	961	60	15	525	50
A[C>A]T	3243	101	178	49	328	1463	1194	2494	145	1109	159	86	1174	207	264	50	952	715	151	679	49	2008	95	2851	1201	280	1613	1232	136	744	704	122	73	346	114	64	676	1031	162	270	529	44	156	1480	167	34	926	340	167	1	39	101	427	673	2094	4527	404	91	11	3197	759	716	190	1290	395	345	102	2754	607	364	311	28	909	759	951	2	1606	133	33	12	1054	602	104	1481	268	665	62	491	897	62	103	1210	1155	186	360	1407	153	24	548	149
A[C>G]A	1379	85	246	118	84	228	570	547	160	305	129	113	427	521	247	34	650	241	187	376	67	418	154	783	273	254	602	404	95	388	178	272	144	259	29	102	573	346	184	394	276	53	238	494	163	100	179	482	232	21	55	111	123	338	384	999	387	84	5	664	278	165	256	541	157	226	132	755	256	97	229	46	248	332	511	7	598	141	88	30	447	314	155	372	102	112	128	180	255	67	24	514	385	154	174	361	164	55	187	264
A[C>G]C	489	90	138	41	38	88	250	188	78	109	56	71	327	227	112	42	287	108	101	211	38	340	123	329	192	156	254	183	59	99	65	55	73	182	14	68	363	78	94	252	134	49	75	247	107	21	101	241	133	4	32	82	69	74	157	358	187	65	4	319	120	92	105	250	119	97	80	382	98	26	128	20	51	166	416	7	258	78	41	5	204	210	78	286	68	53	62	143	145	54	15	222	145	75	86	121	98	19	76	123
A[C>G]G	271	13	48	11	11	45	97	72	25	71	25	16	131	69	51	7	58	66	22	53	5	125	44	112	80	57	98	112	10	35	55	36	22	42	4	8	160	40	27	78	75	13	25	87	35	10	29	57	22	1	8	12	35	28	53	173	73	16	3	208	51	36	42	100	25	34	17	156	40	13	50	6	37	61	125	2	80	26	18	4	40	14	7	110	29	31	3	38	65	15	10	56	55	15	26	69	46	5	38	77
A[C>G]T	705	86	234	66	27	213	427	463	116	177	101	88	464	312	173	69	357	172	238	326	46	511	110	616	378	203	349	233	104	230	103	242	84	361	22	110	599	134	175	506	319	68	121	490	228	54	142	663	248	37	77	97	109	98	128	556	304	95	6	499	412	116	170	393	133	169	148	348	220	44	276	28	125	249	600	12	423	121	83	24	247	359	138	359	105	82	88	159	200	83	22	238	169	187	160	127	193	71	126	286
A[C>T]A	2143	564	765	195	128	495	811	766	463	396	202	171	978	938	614	291	900	478	281	462	294	799	434	1150	503	752	805	659	182	559	214	517	431	622	65	310	1218	406	334	1292	1243	108	431	1136	357	208	404	661	749	48	152	386	285	270	320	1500	424	320	19	828	577	370	1053	941	185	366	500	1123	372	157	475	84	289	838	1888	54	758	277	197	57	704	384	221	736	287	189	76	326	566	251	56	613	301	331	258	548	1088	295	312	712
A[C>T]C	961	235	486	136	42	261	410	368	287	137	118	113	859	822	357	84	481	242	215	297	122	563	107	670	298	420	350	351	122	318	100	375	206	510	24	148	736	268	216	424	496	72	328	517	164	111	198	508	328	1	113	187	101	173	255	722	306	270	13	368	539	176	488	386	91	218	304	627	209	57	207	41	127	319	964	22	327	126	164	47	370	222	116	328	155	105	57	154	276	131	46	428	326	137	125	295	296	106	64	439
A[C>T]G	356	176	277	52	110	332	222	183	312	163	236	195	322	136	399	257	326	99	351	90	267	244	242	835	199	577	513	264	311	161	169	243	198	193	157	504	170	239	76	450	266	289	256	312	580	113	102	70	106	28	424	207	247	311	42	231	45	332	86	375	219	362	197	281	140	285	168	601	229	292	211	76	158	164	420	119	110	102	315	88	131	104	112	388	217	171	152	40	74	354	344	197	201	183	209	171	481	215	131	176
A[C>T]T	1236	160	541	197	46	256	386	428	268	193	157	159	595	836	385	179	666	239	261	431	173	670	305	983	394	695	523	424	139	358	101	390	128	592	33	180	877	327	202	570	746	143	341	503	323	121	260	485	446	2	150	226	180	161	369	589	686	193	25	463	485	167	441	571	183	293	531	799	230	70	257	88	186	420	1127	21	566	197	159	52	311	316	104	363	210	133	59	180	230	117	63	256	163	127	190	273	668	158	139	544
A[T>A]A	1407	97	226	51	107	356	627	1246	100	372	47	43	475	240	132	62	461	328	106	217	47	909	110	850	441	147	718	320	44	225	249	130	57	145	48	59	275	390	85	254	231	37	115	546	129	38	212	174	122	0	57	78	152	241	454	1032	280	54	7	1060	251	277	124	473	93	157	76	720	170	90	107	27	213	278	461	11	533	66	59	18	300	186	51	761	130	164	15	120	369	87	37	527	502	93	109	434	151	35	259	166
A[T>A]C	750	72	140	61	36	240	251	338	62	188	38	49	334	149	135	32	336	111	82	127	25	466	80	383	169	137	234	222	53	130	88	128	75	143	18	49	207	62	46	283	337	46	131	398	73	39	124	168	131	1	47	95	105	114	200	280	89	59	6	866	206	92	152	298	53	81	128	315	121	71	56	22	125	192	552	7	245	73	76	18	162	117	75	264	83	55	27	71	172	46	19	282	200	43	65	260	161	27	76	94
A[T>A]G	1871	100	211	49	100	393	932	541	123	580	71	35	539	253	191	73	513	434	149	313	47	789	131	1290	446	248	824	474	52	325	348	241	81	251	72	74	320	468	99	401	375	53	107	719	143	35	311	267	205	3	59	83	292	284	514	1608	181	60	2	1243	375	228	253	783	122	183	95	870	304	145	94	31	415	298	532	8	736	88	93	13	574	224	88	678	223	260	43	209	401	44	44	643	613	108	245	471	228	58	243	178
A[T>A]T	833	111	197	78	44	207	340	317	94	194	125	94	509	180	155	31	241	169	79	257	48	390	55	489	313	201	280	228	63	173	124	112	71	278	21	57	377	125	128	287	279	43	170	304	114	37	114	304	101	2	64	82	94	120	198	410	323	85	11	773	181	115	94	341	117	86	110	574	157	40	185	15	114	197	579	6	282	72	52	16	181	150	62	367	97	47	18	140	219	62	21	205	257	106	97	265	161	30	55	177
A[T>C]A	3182	497	1136	284	84	550	598	861	715	410	92	160	1331	1112	632	194	1016	509	428	483	278	1109	663	1349	508	708	617	595	236	711	306	1083	572	1137	33	222	1480	359	500	1490	1365	299	515	1891	412	173	452	767	582	3	349	956	268	329	381	1301	452	326	17	1214	1348	299	963	1191	273	393	734	1235	388	116	327	105	284	985	2002	62	596	332	314	155	703	464	203	657	364	138	53	393	547	377	102	478	728	139	236	739	1048	303	213	1265
A[T>C]C	374	139	277	125	5	70	169	89	153	26	59	64	432	390	166	78	312	80	149	186	70	193	197	250	156	250	157	116	76	148	45	169	142	300	7	98	433	39	161	446	552	87	199	399	192	52	113	235	288	0	121	145	64	62	46	211	131	95	3	106	322	53	210	308	49	75	226	220	71	7	169	31	32	232	720	15	147	79	92	33	161	130	103	139	113	30	29	106	123	123	26	114	107	62	82	47	203	32	10	276
A[T>C]G	1459	414	516	275	52	306	501	529	403	290	87	145	887	1208	655	336	627	402	408	271	224	593	488	958	466	720	627	448	162	676	165	959	299	789	20	362	1055	225	345	1289	849	339	483	923	440	147	266	692	1036	3	382	581	222	205	425	728	438	261	11	433	864	267	807	938	126	289	458	831	351	51	293	133	304	709	1828	52	380	315	399	112	427	331	146	348	332	143	52	235	269	288	43	314	353	201	154	258	486	354	121	571
A[T>C]T	1293	428	770	229	16	182	432	148	398	90	180	187	926	984	607	243	1006	207	410	516	278	713	357	660	353	798	366	346	210	543	95	667	407	696	11	344	1181	60	402	1427	895	135	525	637	342	166	323	777	815	6	250	468	83	184	153	354	563	255	30	230	795	136	596	849	198	326	597	559	306	36	321	143	67	668	1693	21	462	354	269	122	404	312	183	295	218	72	87	187	250	321	60	268	218	306	132	217	1029	200	58	863
A[T>G]A	335	55	51	24	15	59	101	110	52	49	60	64	185	142	57	27	216	26	45	181	22	185	35	240	119	137	112	101	60	71	30	75	33	173	6	28	313	52	100	201	75	32	107	109	109	12	53	244	84	1	33	52	33	45	49	147	163	58	37	155	88	25	42	94	71	52	76	213	49	8	112	17	32	77	272	2	147	61	46	5	76	60	48	122	36	24	15	57	116	22	7	83	97	60	56	68	118	17	28	104
A[T>G]C	81	19	63	26	3	18	67	15	35	9	47	77	98	101	30	9	104	15	26	135	26	80	23	118	113	96	96	51	47	25	4	28	30	90	2	44	250	9	85	82	113	18	78	56	128	24	13	266	44	0	17	25	7	21	14	40	202	34	7	24	50	14	40	43	35	20	48	189	41	0	92	11	8	44	217	3	128	56	11	3	46	39	14	67	25	10	15	61	64	12	7	31	28	76	83	17	38	13	4	141
A[T>G]G	461	56	179	48	15	69	157	98	85	49	73	63	303	196	121	42	238	59	93	145	62	258	99	346	172	273	203	146	56	148	53	137	91	180	3	58	333	76	91	346	236	84	131	147	123	21	106	245	187	0	38	114	43	64	70	201	232	91	4	144	167	72	140	247	46	110	57	307	102	20	144	19	76	142	539	13	185	97	48	15	123	132	42	175	79	25	27	69	153	48	11	81	92	70	94	102	193	56	24	183
A[T>G]T	156	72	131	44	1	22	132	26	61	12	167	121	262	208	59	25	134	64	66	295	28	272	71	488	266	394	155	127	116	44	8	97	25	317	4	50	370	23	124	299	154	38	145	164	329	14	52	430	112	3	28	50	15	47	18	74	666	100	9	45	55	24	145	103	111	36	55	257	123	5	422	7	14	99	107	1	284	100	32	12	65	61	52	176	19	25	28	204	238	45	5	49	49	146	181	60	145	26	7	570
C[C>A]A	13722	90	483	61	998	2486	3836	7868	313	3886	283	149	2728	218	494	30	1886	2332	243	954	55	7718	132	8704	2592	526	4143	3196	101	1654	3870	193	59	588	563	88	367	1974	226	488	863	54	202	3535	226	52	2675	484	95	8	65	66	1804	1977	6563	8873	468	125	27	12176	1225	1814	386	2809	830	779	80	7861	2459	1258	593	23	2435	1708	1800	8	3450	137	39	20	3086	1265	100	5078	670	1356	100	1405	2560	75	229	3605	2651	290	974	4039	170	69	2300	262
C[C>A]C	20404	55	151	46	763	2930	5896	6059	185	3595	211	122	2716	231	629	33	2583	948	225	1289	40	4419	81	9252	2837	313	3358	3064	64	2298	2596	120	41	302	578	62	819	2985	103	293	878	32	139	3003	248	34	2169	490	133	4	38	99	2082	1156	4125	9631	317	92	11	9778	1209	1298	204	3729	650	1216	123	8376	1752	948	294	14	3605	2067	1794	5	4608	115	36	11	2660	1447	122	2898	902	1206	86	875	1929	54	186	3750	2859	357	897	4243	102	28	1689	188
C[C>A]G	2616	53	105	22	222	1223	1677	2244	84	1586	38	30	787	73	201	9	756	536	41	336	23	1826	39	2047	829	131	1436	785	18	591	557	59	45	89	179	17	118	1381	38	142	289	12	57	1345	63	22	881	75	67	0	23	39	533	498	809	2036	60	37	4	2603	600	496	109	1261	218	310	46	1594	460	256	45	13	748	706	690	7	924	32	31	6	950	303	32	1221	357	429	8	275	1144	19	54	1089	1423	54	215	1228	114	28	1092	103
C[C>A]T	11034	49	295	44	714	3251	4744	8492	122	3380	246	109	1845	322	612	40	1920	2666	135	654	23	4268	55	7649	1937	405	3218	3186	95	916	1865	82	88	354	303	62	372	2943	164	266	813	55	234	2771	170	25	1825	517	121	0	55	83	1645	1727	1725	7027	430	83	15	8060	691	1046	248	2698	609	920	83	4453	1275	785	306	25	1734	1764	1742	5	3088	129	47	11	1661	1026	81	2094	985	1229	36	751	1634	68	107	3167	4165	326	740	2713	114	48	1756	164
C[C>G]A	1104	98	120	40	62	201	535	473	148	426	46	83	436	240	194	37	438	264	166	295	54	950	67	840	291	191	438	314	57	230	217	165	66	260	68	81	339	315	128	285	293	46	107	606	109	87	193	310	129	52	60	71	96	258	398	926	118	71	1	1037	233	188	158	417	103	211	92	715	213	55	202	25	170	232	611	8	466	64	41	11	407	416	194	511	144	137	96	126	352	50	30	525	476	126	121	475	212	29	214	197
C[C>G]C	1060	83	185	40	46	261	525	408	92	383	66	46	460	261	161	56	425	199	200	250	50	629	111	622	445	212	462	511	64	149	235	251	80	282	30	106	576	257	79	310	484	44	91	495	111	38	233	285	169	8	60	159	135	106	401	660	353	90	7	514	285	213	210	625	124	157	145	766	123	65	151	22	392	300	431	6	412	104	87	18	280	237	99	421	124	85	59	153	333	51	19	406	262	106	184	338	206	65	239	309
C[C>G]G	605	15	63	21	34	162	175	330	48	171	32	23	179	88	54	13	97	91	28	59	17	172	19	374	242	58	195	199	12	84	78	55	35	60	20	21	107	178	24	103	89	20	34	200	35	18	76	57	63	4	23	33	79	87	148	626	61	22	1	461	113	77	84	237	41	84	19	306	60	30	36	10	77	115	172	5	152	31	18	3	132	42	22	217	52	62	9	57	134	11	11	166	88	29	34	183	51	15	94	38
C[C>G]T	1055	115	248	88	79	357	688	477	152	273	87	152	551	346	212	34	585	211	236	247	70	604	136	601	372	232	678	407	82	296	196	136	91	430	44	115	585	233	112	357	430	52	153	620	168	95	176	341	177	44	67	122	143	218	337	975	423	127	3	1170	282	175	186	434	148	196	118	689	323	93	398	49	133	429	505	19	880	147	48	21	355	288	202	542	160	198	99	113	314	54	20	414	451	187	130	395	176	63	177	270
C[C>T]A	2643	197	486	110	92	565	770	889	158	715	167	137	949	577	402	122	808	413	264	507	129	1078	255	1436	676	555	738	815	139	528	439	354	158	537	94	149	739	388	225	730	621	145	253	792	215	41	489	767	330	3	220	315	287	294	680	1719	420	133	36	828	566	475	476	843	208	271	285	860	379	150	307	75	376	507	1345	21	930	244	124	48	598	404	149	893	295	197	46	326	504	104	51	678	822	205	295	911	435	126	216	402
C[C>T]C	2004	212	461	153	103	760	614	658	252	444	123	86	655	446	245	90	851	464	282	499	113	792	213	1558	467	412	1087	563	114	541	279	249	171	604	36	95	1007	404	176	473	669	127	228	779	277	107	488	565	332	8	93	293	314	278	776	1128	437	216	7	1602	336	285	394	670	266	320	248	1319	437	141	345	54	331	545	1321	17	851	230	81	48	421	405	189	770	322	265	81	341	467	106	67	585	521	218	181	462	288	135	467	468
C[C>T]G	983	259	665	134	79	317	406	481	434	265	331	127	737	996	443	256	448	198	223	161	302	471	413	696	255	792	418	376	127	324	186	329	269	274	81	350	298	322	216	614	519	295	247	742	335	139	317	271	423	25	283	307	478	323	147	594	89	242	111	630	559	389	346	643	147	302	386	588	235	156	160	96	179	381	1184	83	189	156	269	56	268	157	116	454	256	132	102	88	182	366	199	251	322	159	126	239	727	127	159	429
C[C>T]T	3373	372	517	118	177	900	1788	2032	305	801	137	261	1221	795	496	159	1009	704	295	456	194	1461	384	2055	787	460	997	1118	148	512	362	504	318	602	80	244	1304	652	332	1090	674	163	334	987	438	133	747	681	416	13	162	259	447	450	817	1542	885	177	13	1951	917	440	460	1197	278	384	338	1378	528	136	606	85	281	692	1552	20	1151	248	173	59	707	435	273	872	378	504	75	408	649	156	79	1049	942	197	373	904	737	94	538	409
C[T>A]A	2713	61	56	29	130	662	693	781	36	590	8	2	496	89	132	35	426	418	69	226	16	1525	58	1144	553	73	985	543	10	218	442	52	47	85	100	22	97	430	9	120	227	25	29	611	43	21	370	102	57	3	21	47	295	392	782	1728	50	21	7	1668	284	294	70	658	213	196	65	1680	344	124	22	12	476	316	403	3	523	24	16	10	456	181	50	609	164	257	44	185	277	22	38	599	1188	28	236	561	120	15	419	54
C[T>A]C	3029	69	83	42	94	493	830	1316	61	454	59	57	491	179	114	17	467	357	111	159	30	1130	41	1199	426	186	674	786	75	291	385	86	100	237	100	52	358	340	69	262	261	47	148	845	194	30	236	275	112	0	32	79	276	248	576	1728	191	65	1	1014	336	258	125	359	134	179	71	1024	308	130	103	16	369	492	579	1	513	90	45	9	580	299	123	481	133	245	105	187	367	28	30	718	703	127	204	603	182	31	575	158
C[T>A]G	6118	77	137	37	265	1804	1154	2761	44	1224	43	30	828	155	250	30	768	879	117	262	41	1861	63	3624	1009	113	1761	1386	47	595	1107	110	67	174	153	39	188	1044	63	189	435	30	77	984	75	21	1079	222	94	0	27	81	500	1188	1135	2130	77	36	5	4884	502	687	115	1515	287	343	108	2285	571	514	66	11	1206	595	783	11	1454	41	29	11	862	538	81	2366	275	590	54	395	1305	24	79	878	1491	87	337	1843	160	34	954	177
C[T>A]T	2606	27	108	37	135	474	696	1220	118	462	99	59	628	161	101	14	515	302	95	261	31	765	67	1461	586	184	834	811	127	252	253	80	30	119	63	50	393	288	77	166	231	20	110	561	156	30	318	298	58	2	25	47	201	250	566	1189	214	48	3	1493	266	251	59	519	214	129	49	1319	219	94	137	15	449	679	339	8	913	73	25	12	309	273	64	594	166	250	50	244	413	31	47	731	434	128	224	617	213	30	255	195
C[T>C]A	909	151	244	85	60	257	402	375	172	294	80	67	407	505	258	93	434	210	161	389	159	628	135	915	350	236	368	335	101	350	122	299	208	375	26	113	603	217	100	479	433	36	149	519	205	24	220	465	298	0	63	137	168	147	273	761	267	139	16	616	318	152	298	535	104	195	146	745	205	52	173	26	200	355	1014	15	554	109	90	27	278	166	82	383	94	160	35	211	307	99	34	322	308	146	152	292	233	68	243	347
C[T>C]C	707	145	249	30	23	96	200	189	97	82	88	98	392	382	92	46	367	132	173	256	52	383	117	359	278	292	225	517	161	195	76	128	87	307	19	95	366	91	140	479	558	35	377	297	255	44	150	449	200	0	99	141	79	102	189	310	298	86	17	316	242	61	193	292	109	135	194	409	110	31	242	40	67	664	438	12	276	153	83	21	236	200	112	260	98	43	48	97	192	82	27	308	133	114	85	213	599	61	60	249
C[T>C]G	1276	218	498	127	49	272	473	416	252	224	50	68	715	535	455	102	685	304	208	347	177	561	161	735	276	443	454	531	152	398	208	330	197	339	20	113	687	166	142	1182	787	98	306	576	406	59	344	479	388	0	157	245	203	162	398	850	291	87	12	684	682	222	230	605	101	244	314	634	222	68	211	70	206	571	1198	26	361	171	159	45	362	212	117	567	133	99	49	167	207	168	28	337	407	127	73	563	757	112	83	350
C[T>C]T	845	148	340	134	26	120	351	240	190	168	127	89	295	361	273	88	409	118	305	260	124	446	281	600	293	386	333	761	521	294	81	200	132	377	16	132	1041	112	283	517	387	60	563	485	578	89	163	487	303	0	145	166	90	88	97	207	392	109	20	348	373	120	332	543	118	167	181	332	176	32	189	41	109	1458	1077	15	342	86	72	39	174	224	121	247	114	75	88	123	263	86	19	278	214	128	112	231	990	116	105	501
C[T>G]A	202	42	46	13	7	35	118	57	25	35	14	26	96	76	51	27	116	40	41	82	8	97	60	118	79	62	55	71	24	40	27	42	19	62	5	20	154	19	41	103	80	26	42	86	63	6	43	93	43	1	14	17	23	20	63	118	72	26	20	103	91	27	42	64	30	34	48	73	32	20	81	5	43	48	120	5	125	29	15	7	62	75	29	76	35	25	14	40	57	18	2	67	42	39	30	44	44	15	17	77
C[T>G]C	192	87	99	30	6	27	95	37	50	12	65	54	146	191	49	23	165	39	101	113	25	140	59	203	93	257	114	63	47	58	17	60	35	147	7	44	318	12	73	157	181	24	64	161	135	28	37	204	74	0	40	91	21	47	23	68	178	53	8	65	152	33	111	175	37	61	76	101	41	5	71	14	13	87	149	8	133	58	28	7	91	84	48	75	87	14	26	74	151	38	16	98	42	39	57	30	132	21	13	275
C[T>G]G	767	56	169	22	24	197	322	271	63	129	44	34	226	204	87	32	310	123	134	173	33	375	90	488	211	261	251	219	48	165	139	80	30	204	27	50	306	122	71	271	209	72	99	253	92	28	139	260	102	0	33	73	89	151	164	437	141	59	5	404	194	134	144	306	89	101	73	340	108	62	99	10	100	190	718	10	249	82	68	13	166	166	87	236	104	66	57	80	193	31	29	253	206	89	76	230	141	33	88	257
C[T>G]T	528	143	163	55	20	74	147	107	103	39	90	97	350	222	103	34	320	79	68	207	65	304	149	1898	168	1883	153	163	80	76	43	104	83	273	6	63	480	45	118	286	256	51	110	174	2692	50	42	326	147	0	44	106	52	343	66	163	1057	94	40	184	200	29	164	149	74	54	106	340	87	18	231	16	43	240	580	9	227	101	49	17	115	113	85	222	72	36	27	128	791	67	19	117	115	78	132	79	220	46	35	2842
G[C>A]A	5041	147	655	84	320	1405	1587	3302	636	1367	416	124	2006	298	380	54	1046	781	69	712	96	1581	121	3312	1657	1257	1762	1310	152	1012	821	191	131	371	237	115	744	1467	206	529	768	62	377	1387	154	37	942	414	145	8	38	145	836	805	1865	3207	428	139	38	4039	733	536	594	2056	281	483	165	2798	817	509	288	31	1279	855	915	10	1699	123	71	24	1111	894	89	1360	406	622	20	486	1163	86	88	1132	1236	192	458	1618	247	99	1399	147
G[C>A]C	4266	92	196	56	376	1062	1435	4301	207	1901	96	46	1280	197	343	39	1209	1028	146	476	50	3464	151	2637	831	304	2260	1525	59	907	541	107	99	217	181	66	448	1495	121	298	652	41	150	1328	102	49	982	338	213	1	73	88	689	960	1061	4319	353	76	10	3298	704	520	188	1205	391	664	93	2435	673	256	207	22	1033	506	1062	10	1477	90	46	19	896	432	68	2318	346	699	44	536	975	65	123	1289	2131	169	614	1516	148	45	1131	140
G[C>A]G	2442	24	93	25	64	866	1203	983	42	553	49	20	644	60	153	12	438	307	23	249	10	1999	42	1193	638	74	1046	751	22	267	609	46	29	83	60	14	131	458	30	86	243	7	44	532	46	7	316	82	44	1	16	18	260	304	811	2295	101	33	2	1802	284	417	84	639	130	231	43	955	301	162	49	3	592	548	458	3	601	26	13	5	526	188	22	865	213	311	7	151	448	19	69	663	628	71	163	683	66	22	363	64
G[C>A]T	2825	70	355	58	154	877	1377	1766	346	857	326	114	1150	173	269	34	795	433	101	433	58	1242	77	1854	909	665	722	1016	82	486	644	137	66	255	165	77	584	1024	157	237	525	37	195	1181	140	27	622	217	102	2	78	88	377	379	1668	1709	220	80	34	1684	417	499	310	896	264	286	89	2187	507	301	142	19	882	554	776	3	1279	96	58	25	517	564	64	1117	332	287	45	342	653	38	51	669	1059	123	227	1089	150	70	686	173
G[C>G]A	1144	94	113	46	36	327	489	377	44	184	29	36	311	146	117	16	428	164	106	159	24	300	75	628	213	105	256	322	25	170	151	125	44	141	47	43	166	259	66	258	143	47	67	220	78	46	161	225	85	4	22	49	184	125	330	624	144	57	2	821	202	138	125	337	72	75	72	544	125	89	105	21	110	225	313	8	294	71	31	6	259	202	70	221	87	100	67	101	198	41	10	308	255	64	123	243	111	17	165	134
G[C>G]C	1069	66	140	52	63	306	308	603	73	270	50	41	273	183	129	11	378	137	120	201	28	391	78	436	216	102	542	297	37	162	137	99	59	163	24	45	261	203	64	188	255	29	59	417	104	34	147	182	129	2	37	82	85	98	273	874	131	46	3	662	204	166	170	157	90	143	59	497	194	60	176	11	155	232	386	3	428	44	39	12	242	175	63	366	111	88	39	176	181	43	29	337	202	57	104	269	201	22	183	145
G[C>G]G	492	15	46	11	36	150	187	260	28	152	13	5	135	42	41	11	138	90	25	63	7	258	14	267	148	37	213	199	7	105	89	33	22	32	19	11	63	117	16	45	92	12	25	185	25	8	97	74	26	1	18	29	64	72	111	428	44	13	1	363	99	140	28	174	42	73	18	308	72	36	16	5	57	83	136	2	191	13	16	3	98	91	15	181	38	66	17	66	156	8	9	125	184	15	33	162	44	13	107	28
G[C>G]T	745	111	154	47	19	207	272	164	94	204	64	51	303	231	99	50	404	98	143	181	38	470	108	414	201	136	245	248	48	128	99	122	73	208	7	76	252	117	81	316	196	34	125	319	89	58	132	223	80	16	52	68	89	67	243	330	150	49	11	382	250	78	116	217	83	109	72	358	72	33	157	27	120	134	468	4	243	93	56	10	174	183	99	272	58	98	89	93	171	41	10	201	164	92	62	161	149	35	80	176
G[C>T]A	1161	196	644	108	54	276	404	368	251	237	135	139	688	580	392	82	578	280	220	345	227	617	270	592	283	434	450	349	97	389	125	510	235	522	40	185	743	191	233	830	647	113	211	711	262	170	228	679	406	45	161	282	96	154	177	857	448	239	7	459	326	118	475	608	107	203	448	546	209	66	372	64	117	407	1036	15	438	140	209	26	380	326	213	525	230	94	130	220	221	183	38	314	294	222	132	196	623	127	73	356
G[C>T]C	1137	349	514	139	39	310	410	361	313	218	133	117	700	751	342	149	588	230	173	257	160	522	317	597	300	423	433	312	89	485	138	452	216	380	34	198	662	260	276	773	945	156	248	479	184	108	263	436	491	5	143	376	140	143	280	609	383	188	5	421	536	198	457	546	77	215	190	531	192	45	241	64	176	435	1283	17	416	137	126	68	412	198	166	226	186	107	70	180	185	230	55	298	346	115	123	239	438	150	115	539
G[C>T]G	639	244	279	142	76	268	194	161	269	163	219	126	337	308	502	130	510	174	261	43	179	198	178	536	132	738	301	207	202	225	94	272	248	255	80	221	219	206	98	388	420	186	313	325	336	73	151	72	312	12	350	255	357	219	22	272	17	283	40	205	378	275	350	372	96	189	311	304	169	143	108	61	91	242	750	75	53	132	227	59	197	82	152	398	213	108	90	26	62	223	182	102	230	120	160	140	379	191	82	246
G[C>T]T	1029	212	415	119	18	282	440	307	193	126	102	88	754	486	334	79	418	254	192	281	92	680	395	722	291	405	387	254	78	195	89	449	208	459	38	125	639	148	179	977	756	138	194	582	201	79	182	392	312	7	158	216	160	150	314	735	302	230	14	525	400	163	252	591	143	214	226	429	159	32	280	58	99	310	977	23	412	221	172	56	296	243	107	273	206	90	65	137	277	100	45	280	213	114	110	294	354	90	74	404
G[T>A]A	1849	32	111	21	59	323	514	657	60	404	25	19	316	169	132	18	316	312	51	209	17	570	48	813	248	99	694	558	27	193	213	56	30	90	36	20	117	393	49	146	233	31	57	556	23	20	310	94	74	0	41	61	125	203	557	1126	93	31	3	847	198	212	70	345	62	180	42	627	163	156	55	19	281	209	305	3	566	33	24	9	361	201	37	439	142	167	20	144	262	36	18	199	417	39	91	396	93	14	346	102
G[T>A]C	811	26	72	22	30	124	265	300	27	108	22	22	232	71	54	5	214	134	42	121	16	264	31	335	164	63	165	174	27	102	82	89	22	103	22	27	127	152	43	159	126	25	56	179	55	11	99	141	64	0	18	49	67	112	175	650	102	24	3	444	108	114	49	169	49	63	24	384	69	48	99	10	123	106	150	2	208	39	21	6	189	96	31	248	77	50	28	50	113	24	12	217	184	57	55	163	83	10	126	64
G[T>A]G	2144	31	109	37	88	547	468	932	28	397	48	46	323	110	82	32	450	331	62	307	17	1329	41	1261	511	135	799	808	18	215	227	95	37	97	69	28	304	416	55	166	288	24	98	588	67	17	473	174	91	0	31	63	244	276	434	1536	71	29	1	1275	263	594	112	707	146	194	76	987	225	53	91	17	539	465	457	9	674	50	29	11	291	286	79	675	147	184	23	226	326	40	26	621	1016	62	203	789	119	17	264	95
G[T>A]T	1246	33	55	21	82	234	416	587	38	240	45	17	302	117	97	13	383	103	48	159	27	439	51	431	310	93	336	305	45	117	180	63	30	103	35	34	162	219	48	135	124	26	52	343	100	23	162	184	56	1	19	60	145	122	317	663	135	21	3	571	163	148	63	292	83	91	38	774	185	79	149	7	144	185	185	4	307	45	40	9	224	168	95	453	99	71	34	74	272	27	14	442	247	78	97	270	81	28	160	95
G[T>C]A	875	235	352	89	24	142	260	296	94	99	43	29	345	355	206	73	393	144	187	197	93	394	206	410	194	210	208	173	48	332	67	343	155	374	37	50	373	117	94	782	359	63	147	469	149	44	165	272	307	2	71	176	106	142	118	293	137	109	9	204	235	135	289	378	77	126	223	371	174	45	116	39	81	330	966	8	256	96	65	22	184	202	77	202	147	69	37	78	193	133	27	190	242	81	78	151	252	50	77	199
G[T>C]C	314	116	180	45	16	80	130	125	138	54	30	36	221	239	103	20	250	85	82	80	52	162	171	216	115	144	127	131	47	128	45	159	49	140	5	41	288	39	72	258	262	65	147	225	112	28	73	203	200	4	76	110	46	70	60	139	196	92	7	195	195	51	144	213	37	90	106	179	94	17	86	15	38	176	429	9	88	59	42	14	159	85	46	133	59	54	22	76	104	63	22	105	79	39	27	77	218	32	21	186
G[T>C]G	876	154	466	128	17	113	274	301	137	98	92	31	340	386	198	97	417	205	194	175	95	274	194	426	185	236	203	214	69	191	86	248	130	340	13	70	382	69	121	620	398	111	241	287	172	90	147	297	192	0	101	272	81	99	114	362	184	130	11	295	531	92	354	316	65	131	182	269	139	29	110	52	91	328	558	12	223	84	112	44	258	178	141	192	160	84	61	86	148	151	30	207	233	52	75	135	256	76	41	349
G[T>C]T	562	112	308	92	10	49	151	76	169	38	84	37	294	430	277	115	421	96	129	86	79	237	228	284	136	344	144	112	63	283	57	200	159	291	11	95	427	36	102	527	404	98	143	289	135	46	115	274	371	0	110	205	88	53	38	160	254	91	7	109	436	57	190	283	48	106	215	262	87	4	159	49	22	164	894	7	195	90	101	34	174	223	91	94	65	29	45	87	99	124	27	140	90	83	91	88	394	108	28	209
G[T>G]A	202	39	57	11	6	39	48	53	15	24	34	17	93	61	20	8	77	32	45	48	15	130	40	108	51	101	56	64	19	49	23	42	24	68	2	19	135	24	29	74	113	17	34	107	41	10	40	111	43	0	9	29	19	25	37	106	66	16	8	63	60	24	56	73	27	28	31	71	30	5	54	9	17	37	182	1	83	16	21	1	53	67	55	71	39	12	17	33	43	14	8	62	38	31	23	36	56	14	24	57
G[T>G]C	89	27	25	15	2	23	30	22	22	11	12	10	57	55	49	17	69	24	22	70	10	43	19	75	41	84	51	29	10	28	9	24	29	65	4	16	92	6	40	84	44	11	18	51	62	8	19	89	28	0	5	20	9	14	17	30	80	22	9	21	27	6	33	58	13	20	27	52	22	5	33	11	7	27	104	0	42	14	13	4	26	36	19	35	12	8	10	22	36	24	2	27	16	25	18	35	41	5	10	76
G[T>G]G	592	56	128	24	17	77	195	222	83	89	63	38	211	184	51	34	278	86	164	94	28	271	53	290	176	129	206	158	38	144	99	102	62	118	19	55	148	113	55	204	196	65	69	204	92	40	90	158	88	0	58	59	48	81	136	294	93	26	5	326	138	68	141	189	76	55	66	256	96	24	77	9	59	114	456	6	244	55	29	8	163	119	53	177	74	50	49	69	102	37	6	185	175	43	65	208	149	38	38	129
G[T>G]T	97	37	55	16	0	27	77	33	21	9	52	39	103	115	27	13	91	22	80	61	19	96	35	498	62	518	68	80	35	36	8	32	27	88	4	19	210	16	64	99	83	14	37	49	309	12	29	215	43	0	22	19	17	86	20	72	369	37	7	25	44	20	75	52	38	18	49	93	29	7	77	6	10	68	137	5	96	58	22	3	41	74	38	76	12	9	31	31	222	14	5	39	32	64	50	20	57	10	4	566
T[C>A]A	5688	128	748	84	324	1435	3687	2988	843	2156	534	269	2043	878	846	37	1947	935	77	827	60	4332	64	4896	1709	590	3140	1554	168	1193	1446	572	139	642	186	475	1284	1896	363	476	486	65	366	1190	238	1330	1138	454	389	396	109	88	707	839	2463	7009	1091	172	31	7134	664	1209	445	1830	620	833	103	3747	791	386	671	239	1090	1000	1221	7	2330	215	70	22	1752	1034	858	1979	620	682	316	564	1232	72	83	1175	1428	632	551	2502	676	92	1144	362
T[C>A]C	7996	86	445	44	447	1814	2879	2997	373	1696	259	132	1913	686	471	58	1292	1383	230	981	87	2490	87	4117	2293	479	2560	1373	134	1035	1237	307	149	567	183	266	792	1690	233	475	603	86	226	2236	224	625	865	758	296	187	75	67	1368	855	2775	4613	696	135	17	8008	583	1436	445	1693	506	793	120	5899	1197	458	489	94	979	1445	1655	9	2253	204	45	30	949	1022	408	2468	447	792	256	678	1485	77	99	1746	2734	382	515	3053	458	69	1037	257
T[C>A]G	1189	30	145	16	58	751	910	759	167	352	76	35	372	99	133	14	308	142	14	222	10	918	40	864	253	137	532	501	21	340	288	113	28	95	85	85	174	664	32	116	206	11	48	489	67	201	276	92	118	52	11	31	149	159	532	1787	85	26	6	1113	198	359	84	594	133	195	29	1062	270	134	112	48	348	138	307	4	725	44	12	3	268	297	156	580	158	217	44	102	493	27	29	487	616	74	201	602	129	12	354	55
T[C>A]T	8766	113	606	69	346	1454	3143	4261	594	2044	735	200	2291	910	462	61	1196	1115	118	911	60	3847	191	3453	1705	1077	3649	2752	190	786	912	276	143	634	264	295	1093	1957	366	531	933	82	378	1823	357	382	1135	676	403	251	77	254	630	752	1572	6906	682	178	58	3348	627	1094	610	1681	510	815	298	4070	880	438	754	100	500	1164	1420	10	1630	155	78	34	1453	856	347	2937	622	455	193	638	1295	111	102	1573	2343	475	622	2626	496	162	1043	334
T[C>G]A	1804	90	1038	62	23	188	352	251	1768	1304	70	138	431	3247	1131	72	340	115	136	844	71	470	118	588	336	186	2050	226	74	1061	142	1681	101	310	17	1877	567	191	90	573	339	58	159	273	348	5406	120	430	2168	1650	234	95	86	109	676	6986	1457	56	2	312	217	1014	360	591	532	938	137	1239	634	194	1042	405	122	175	595	11	428	123	55	14	162	973	2559	346	547	68	1588	192	242	92	13	254	144	956	122	260	1842	25	87	227
T[C>G]C	676	58	390	51	79	258	430	597	370	421	116	91	540	597	293	33	488	162	168	390	49	583	103	651	359	196	767	441	105	381	117	536	100	328	36	467	584	281	213	439	271	39	223	334	232	1208	167	435	442	413	83	78	118	190	405	1630	529	65	2	800	237	311	288	407	229	373	79	1162	374	105	430	175	257	315	445	14	493	151	55	13	323	426	644	455	161	121	354	176	280	65	30	352	255	297	208	306	515	44	165	302
T[C>G]G	342	21	71	15	15	75	103	137	97	119	27	10	85	136	71	3	67	48	13	112	10	137	35	235	90	33	212	76	14	115	58	117	16	65	8	98	102	72	14	84	87	7	33	112	35	246	21	65	104	82	15	33	42	69	114	468	53	9	0	194	83	114	70	97	52	65	28	197	73	39	65	51	56	55	112	0	88	13	15	8	65	102	118	110	65	19	39	44	90	18	5	91	117	68	38	86	132	20	41	46
T[C>G]T	1706	146	1619	68	48	150	390	256	2356	1721	191	187	440	3175	1463	78	514	150	229	1527	90	557	180	580	407	320	1712	338	112	1309	79	1975	182	233	21	1755	1189	242	356	926	523	83	294	439	677	5053	166	656	1756	2557	228	199	120	108	719	9957	1373	110	15	390	337	1151	684	717	556	1187	244	2570	760	197	1545	990	87	265	793	17	516	180	125	41	303	1710	3090	450	754	101	1613	226	328	77	41	274	160	930	152	233	3597	98	141	304
T[C>T]A	4075	1983	1508	601	2968	217	481	530	296	1166	1996	284	2159	2124	2546	1034	3191	242	2238	760	214	758	560	569	2723	529	859	2274	168	512	120	1796	2634	641	17	234	1100	1831	307	1106	604	2444	459	3470	406	641	2574	6662	2490	180	633	2277	1541	496	226	2257	806	248	3587	554	967	208	453	1556	3024	1614	4424	920	4569	49	787	768	230	4854	1213	19	2773	241	369	46	353	161	137	1184	1288	78	55	346	379	193	29	1957	1686	333	1955	312	484	150	123	1674
T[C>T]C	2854	738	826	311	702	327	681	350	286	511	339	143	965	885	695	382	838	360	620	507	169	1181	362	1206	842	676	695	575	156	571	222	683	764	725	36	198	824	729	319	862	832	616	447	1327	360	210	484	1311	862	45	294	802	380	260	468	1377	716	185	688	611	958	199	596	972	742	605	1144	1217	720	68	338	144	280	1497	1280	16	1376	215	171	77	493	347	159	842	434	181	88	184	442	123	45	677	727	347	417	362	390	168	149	736
T[C>T]G	585	502	505	161	233	160	180	104	271	108	248	93	496	556	433	285	602	108	326	45	166	141	187	386	303	535	239	216	109	202	71	418	372	244	43	221	330	226	73	641	705	373	262	694	285	151	338	527	553	39	247	429	253	170	45	326	76	190	397	126	388	190	414	443	371	222	604	206	555	54	87	95	68	736	685	52	319	106	184	54	189	143	97	220	278	62	28	50	82	177	95	228	226	101	247	100	552	148	51	400
T[C>T]T	3155	2168	926	391	1395	302	467	713	183	606	1342	128	1239	1350	1055	1124	2493	288	1754	484	255	766	333	977	1535	524	741	1585	149	459	243	1037	1996	487	28	136	1109	1546	222	752	1146	1168	437	2685	360	456	1487	3632	1629	108	400	1569	1132	327	422	1741	461	275	2230	798	677	217	558	1247	1445	715	1855	1047	2042	78	561	401	298	5226	1115	26	1808	327	158	51	371	286	126	1043	656	126	20	287	314	118	42	1094	1297	223	764	493	375	131	194	943
T[T>A]A	1959	94	196	41	103	463	529	922	123	383	131	46	498	226	166	27	286	351	68	294	41	578	98	843	285	253	734	531	55	295	239	109	101	193	53	59	375	331	77	326	394	23	110	477	130	30	205	245	154	4	51	84	140	288	329	718	246	55	28	884	250	208	127	445	104	165	74	842	266	96	192	23	394	208	385	5	411	62	45	16	256	204	66	466	124	200	37	194	205	56	37	361	368	92	154	542	190	41	218	130
T[T>A]C	858	33	107	18	41	189	299	475	54	181	63	47	367	185	71	24	283	146	140	257	35	428	47	382	251	159	369	206	77	137	142	77	48	230	9	50	422	158	103	187	114	15	90	333	119	21	101	480	73	0	37	33	100	100	174	472	284	58	3	536	152	138	108	254	80	111	34	623	159	52	225	11	148	199	293	5	445	96	33	13	181	134	57	362	77	115	62	148	210	39	11	210	287	89	120	214	126	24	165	102
T[T>A]G	1445	40	112	60	58	410	497	531	38	457	52	21	403	157	110	48	499	287	50	199	21	844	48	814	506	136	449	387	46	325	227	82	41	139	57	45	169	454	80	171	164	43	97	461	105	27	164	218	102	0	19	72	238	198	545	1074	81	34	7	900	279	335	99	400	104	86	106	608	225	83	103	13	279	246	457	8	663	39	17	12	328	163	39	599	133	179	36	153	371	30	42	353	528	68	161	556	108	28	240	153
T[T>A]T	1432	159	180	73	36	180	548	554	82	261	165	220	547	278	159	30	428	199	202	456	42	581	88	561	348	265	600	475	129	188	223	160	107	518	29	104	858	189	173	277	439	38	236	381	274	38	164	618	209	0	50	119	157	126	292	527	456	94	21	736	321	180	214	502	144	130	140	617	198	49	475	26	172	152	321	7	792	209	25	34	339	281	87	554	174	119	62	196	337	84	26	303	159	92	209	358	249	47	199	321
T[T>C]A	858	190	371	91	18	186	378	225	165	109	78	56	462	583	322	133	570	216	320	207	85	309	234	436	231	380	182	204	99	345	70	490	228	639	13	112	562	92	205	1225	494	90	336	624	238	74	159	511	207	0	159	165	85	102	156	457	219	189	11	301	482	75	273	544	56	194	250	422	120	43	186	31	124	368	1104	14	235	103	82	52	239	235	134	251	131	67	71	97	214	146	29	217	272	89	114	123	321	63	55	487
T[T>C]C	340	145	293	72	6	35	98	39	141	13	70	69	306	221	159	56	279	86	125	175	53	169	155	186	212	264	155	164	73	158	41	177	110	236	4	86	415	59	117	293	385	40	138	206	166	25	77	249	133	1	82	171	35	50	26	86	237	86	20	78	178	36	195	168	94	81	210	267	74	16	158	45	26	121	384	6	136	90	98	25	130	152	90	100	54	29	41	63	89	53	23	86	55	113	79	64	246	43	8	232
T[T>C]G	688	112	273	85	14	138	173	200	188	51	58	75	364	410	215	81	266	95	123	162	91	188	128	330	160	268	184	154	61	283	66	151	123	276	11	66	354	95	112	539	357	107	186	376	95	53	92	281	308	0	144	219	70	71	102	322	206	113	11	231	296	71	276	318	50	158	143	280	88	20	96	40	80	243	545	13	234	90	81	25	155	111	69	199	142	48	34	71	159	71	28	110	129	64	52	114	163	95	65	275
T[T>C]T	589	172	366	108	9	81	134	93	190	31	81	65	460	499	153	90	479	146	167	252	132	346	349	381	263	330	196	164	130	277	31	418	212	471	14	131	524	26	159	564	422	108	252	422	226	90	181	363	332	10	183	211	105	71	34	163	264	107	35	109	391	120	459	471	72	204	215	247	113	10	189	54	31	354	1128	20	168	134	156	61	222	237	155	132	133	45	56	105	141	145	39	130	132	105	110	84	469	104	20	357
T[T>G]A	262	67	64	34	3	32	96	45	41	16	37	50	231	219	77	27	164	78	87	167	21	179	93	199	123	110	121	88	54	84	12	121	60	282	0	41	256	10	111	175	177	29	89	106	145	20	46	287	81	2	67	59	22	19	39	82	228	58	52	62	113	26	110	85	54	62	92	199	80	8	175	17	12	72	321	7	131	78	37	10	60	89	85	112	53	18	25	81	106	33	11	98	82	73	72	40	118	29	14	227
T[T>G]C	239	78	140	57	2	30	138	28	54	6	81	60	207	203	117	34	209	64	79	208	54	183	91	217	198	252	122	77	70	104	7	121	56	231	0	73	403	19	149	262	179	31	93	145	158	29	47	406	108	0	52	99	16	26	11	51	372	92	7	46	134	32	148	132	68	49	111	227	62	5	186	21	13	124	328	11	125	140	43	16	88	81	51	91	54	12	21	100	112	44	13	105	71	99	100	63	140	25	0	212
T[T>G]G	641	99	113	39	13	113	257	150	77	121	77	85	285	133	117	49	263	83	104	212	14	367	80	321	164	151	277	195	57	109	81	168	52	210	14	60	273	96	108	225	234	51	127	277	119	42	88	325	121	0	39	77	42	95	124	264	198	78	7	342	295	96	149	172	67	114	99	334	93	30	152	14	85	197	446	5	229	105	17	13	119	121	85	240	66	64	33	111	131	64	21	199	147	145	86	164	164	24	33	148
T[T>G]T	416	190	271	86	8	54	281	38	192	27	228	206	667	570	121	74	244	109	217	416	58	478	215	867	344	727	346	193	121	141	42	310	150	630	7	93	1262	54	270	648	524	66	324	194	605	49	125	728	437	0	92	159	31	159	33	126	856	133	47	74	401	47	178	307	255	107	222	376	165	12	393	38	29	280	964	7	447	197	103	26	165	151	121	318	64	42	28	221	426	126	16	187	140	293	159	96	179	81	12	1066
