,SBS1,SBS2,SBS3,SBS5,SBS13,SBS17a,SBS17b,SBS18,SBS28,SBS40,SBS41
Stomach-AdenoCA::S.1,1340.0,1613.0,12274.0,3639.0,0.0,4459.0,0.0,0.0,0.0,0.0,908.0
Stomach-AdenoCA::S.2,1441.0,0.0,0.0,4914.0,0.0,489.0,4351.0,3843.0,0.0,0.0,0.0
Stomach-AdenoCA::S.3,603.0,552.0,0.0,1118.0,0.0,0.0,0.0,2877.0,0.0,4118.0,245.0
Stomach-AdenoCA::S.4,984.0,0.0,0.0,3204.0,0.0,230.0,11071.0,6957.0,0.0,0.0,0.0
Stomach-AdenoCA::S.5,1559.0,0.0,0.0,1312.0,0.0,2471.0,374.0,672.0,0.0,5831.0,0.0
Stomach-AdenoCA::S.6,890.0,0.0,0.0,12906.0,847.0,140.0,1441.0,648.0,0.0,0.0,3084.0
Stomach-AdenoCA::S.7,710.0,0.0,0.0,0.0,0.0,1021.0,1515.0,2711.0,173.0,0.0,0.0
Stomach-AdenoCA::S.8,495.0,543.0,0.0,14718.0,0.0,1598.0,0.0,0.0,0.0,5386.0,0.0
Stomach-AdenoCA::S.9,997.0,0.0,0.0,14814.0,0.0,1037.0,1847.0,1980.0,266.0,0.0,1350.0
Stomach-AdenoCA::S.10,960.0,39.0,0.0,1663.0,187.0,1483.0,344.0,0.0,0.0,0.0,0.0
Stomach-AdenoCA::S.11,242.0,133.0,0.0,7600.0,0.0,0.0,1610.0,3149.0,0.0,0.0,0.0
Stomach-AdenoCA::S.12,4281.0,1069.0,0.0,4041.0,0.0,1438.0,0.0,2121.0,0.0,0.0,0.0
Stomach-AdenoCA::S.13,679.0,330.0,0.0,15308.0,0.0,0.0,834.0,978.0,0.0,0.0,0.0
Stomach-AdenoCA::S.14,900.0,0.0,0.0,8975.0,0.0,0.0,192.0,0.0,0.0,5374.0,446.0
Stomach-AdenoCA::S.15,888.0,0.0,0.0,0.0,0.0,1096.0,176.0,0.0,0.0,0.0,0.0
Stomach-AdenoCA::S.16,1323.0,0.0,0.0,3375.0,0.0,2279.0,1913.0,511.0,579.0,0.0,0.0
Stomach-AdenoCA::S.17,377.0,646.0,0.0,0.0,0.0,0.0,164.0,0.0,0.0,0.0,0.0
Stomach-AdenoCA::S.18,1331.0,0.0,0.0,9107.0,0.0,1025.0,0.0,0.0,194.0,0.0,0.0
Stomach-AdenoCA::S.19,902.0,0.0,744.0,2253.0,0.0,1912.0,0.0,0.0,0.0,0.0,0.0
Stomach-AdenoCA::S.20,1068.0,296.0,0.0,3166.0,103.0,1947.0,272.0,1452.0,0.0,4707.0,0.0
Stomach-AdenoCA::S.21,1393.0,0.0,0.0,0.0,0.0,0.0,6089.0,0.0,816.0,0.0,0.0
Stomach-AdenoCA::S.22,1200.0,332.0,0.0,1758.0,0.0,1443.0,2442.0,2900.0,0.0,2313.0,0.0
Stomach-AdenoCA::S.23,564.0,337.0,0.0,4050.0,199.0,776.0,0.0,240.0,0.0,1606.0,0.0
Stomach-AdenoCA::S.24,1076.0,843.0,0.0,0.0,0.0,5382.0,0.0,0.0,0.0,0.0,1238.0
Stomach-AdenoCA::S.25,2050.0,0.0,5675.0,2773.0,0.0,764.0,1398.0,2820.0,159.0,0.0,0.0
Stomach-AdenoCA::S.26,1093.0,0.0,0.0,0.0,0.0,0.0,6781.0,1061.0,0.0,3332.0,0.0
Stomach-AdenoCA::S.27,1007.0,0.0,0.0,6494.0,0.0,0.0,22426.0,1149.0,0.0,0.0,0.0
Stomach-AdenoCA::S.28,1170.0,197.0,0.0,4516.0,318.0,0.0,0.0,1518.0,0.0,0.0,0.0
Stomach-AdenoCA::S.29,914.0,0.0,0.0,7994.0,333.0,0.0,1344.0,0.0,0.0,2303.0,0.0
Stomach-AdenoCA::S.30,172.0,326.0,1488.0,2028.0,878.0,3730.0,0.0,0.0,0.0,0.0,0.0
Stomach-AdenoCA::S.31,75.0,132.0,532.0,613.0,119.0,1893.0,1437.0,1509.0,0.0,0.0,0.0
Stomach-AdenoCA::S.32,717.0,71.0,0.0,5542.0,0.0,0.0,0.0,0.0,358.0,0.0,2741.0
Stomach-AdenoCA::S.33,812.0,0.0,0.0,14431.0,557.0,1294.0,0.0,1040.0,0.0,0.0,0.0
Stomach-AdenoCA::S.34,1791.0,0.0,0.0,5138.0,0.0,209.0,358.0,1328.0,0.0,8718.0,0.0
Stomach-AdenoCA::S.35,1419.0,1091.0,0.0,2617.0,0.0,5812.0,0.0,0.0,0.0,0.0,0.0
Stomach-AdenoCA::S.36,5134.0,552.0,1314.0,1198.0,0.0,0.0,1778.0,0.0,0.0,4767.0,0.0
Stomach-AdenoCA::S.37,1169.0,343.0,34911.0,1799.0,0.0,1965.0,1144.0,0.0,0.0,7806.0,1183.0
Stomach-AdenoCA::S.38,1396.0,591.0,0.0,6662.0,685.0,4307.0,0.0,0.0,0.0,0.0,0.0
Stomach-AdenoCA::S.39,2467.0,0.0,0.0,5758.0,0.0,0.0,3230.0,0.0,0.0,871.0,0.0
Stomach-AdenoCA::S.40,2543.0,0.0,0.0,7398.0,553.0,0.0,2866.0,1491.0,0.0,0.0,0.0
Stomach-AdenoCA::S.41,521.0,0.0,0.0,11839.0,0.0,0.0,578.0,804.0,0.0,7501.0,0.0
Stomach-AdenoCA::S.42,354.0,0.0,3126.0,0.0,1084.0,339.0,8631.0,1326.0,751.0,2240.0,0.0
Stomach-AdenoCA::S.43,3405.0,0.0,0.0,502.0,137.0,604.0,406.0,0.0,0.0,0.0,0.0
Stomach-AdenoCA::S.44,929.0,1146.0,15208.0,5376.0,0.0,3629.0,0.0,0.0,0.0,0.0,0.0
Stomach-AdenoCA::S.45,88.0,348.0,1210.0,2860.0,311.0,0.0,4557.0,545.0,0.0,0.0,545.0
Stomach-AdenoCA::S.46,490.0,0.0,0.0,3956.0,0.0,0.0,833.0,0.0,0.0,7426.0,0.0
Stomach-AdenoCA::S.47,1281.0,681.0,0.0,6604.0,189.0,0.0,128.0,330.0,0.0,4820.0,0.0
Stomach-AdenoCA::S.48,2984.0,0.0,0.0,2785.0,189.0,981.0,3815.0,0.0,0.0,0.0,0.0
Stomach-AdenoCA::S.49,809.0,0.0,4404.0,454.0,351.0,0.0,483.0,857.0,0.0,0.0,0.0
Stomach-AdenoCA::S.50,789.0,0.0,0.0,0.0,0.0,0.0,446.0,0.0,79.0,2181.0,0.0
Stomach-AdenoCA::S.51,745.0,162.0,0.0,4199.0,0.0,898.0,1413.0,2808.0,0.0,4402.0,0.0
Stomach-AdenoCA::S.52,512.0,420.0,0.0,0.0,0.0,0.0,20257.0,3323.0,0.0,0.0,0.0
Stomach-AdenoCA::S.53,1054.0,112.0,0.0,1205.0,1930.0,100.0,0.0,643.0,0.0,4217.0,0.0
Stomach-AdenoCA::S.54,674.0,0.0,0.0,1072.0,0.0,209.0,245.0,0.0,0.0,10272.0,0.0
Stomach-AdenoCA::S.55,241.0,1563.0,0.0,2906.0,0.0,1854.0,380.0,0.0,302.0,0.0,0.0
Stomach-AdenoCA::S.56,2280.0,923.0,0.0,10879.0,0.0,118.0,835.0,2585.0,0.0,0.0,0.0
Stomach-AdenoCA::S.57,2474.0,0.0,0.0,1954.0,0.0,389.0,7621.0,1626.0,483.0,2686.0,0.0
Stomach-AdenoCA::S.58,1585.0,0.0,0.0,8286.0,707.0,0.0,0.0,3616.0,244.0,9151.0,0.0
Stomach-AdenoCA::S.59,1003.0,0.0,2537.0,0.0,388.0,249.0,0.0,1665.0,0.0,2027.0,0.0
Stomach-AdenoCA::S.60,1183.0,1429.0,4439.0,3170.0,0.0,2162.0,0.0,0.0,520.0,2123.0,3606.0
Stomach-AdenoCA::S.61,1230.0,618.0,0.0,8484.0,0.0,503.0,0.0,2531.0,0.0,0.0,0.0
Stomach-AdenoCA::S.62,1608.0,0.0,0.0,4904.0,548.0,1983.0,0.0,3092.0,133.0,0.0,339.0
Stomach-AdenoCA::S.63,3684.0,487.0,0.0,0.0,644.0,112.0,1415.0,3920.0,0.0,4034.0,0.0
Stomach-AdenoCA::S.64,993.0,789.0,688.0,0.0,0.0,698.0,0.0,2632.0,0.0,0.0,0.0
Stomach-AdenoCA::S.65,1267.0,0.0,0.0,0.0,0.0,1861.0,5347.0,0.0,200.0,3160.0,0.0
Stomach-AdenoCA::S.66,2085.0,0.0,28743.0,1762.0,0.0,0.0,9585.0,0.0,0.0,0.0,0.0
Stomach-AdenoCA::S.67,653.0,1226.0,0.0,1506.0,0.0,1813.0,137.0,3291.0,0.0,3787.0,9406.0
Stomach-AdenoCA::S.68,768.0,143.0,0.0,7739.0,1369.0,0.0,3534.0,1627.0,0.0,0.0,2152.0
Stomach-AdenoCA::S.69,740.0,1153.0,6953.0,1994.0,0.0,4125.0,2912.0,0.0,0.0,0.0,0.0
Stomach-AdenoCA::S.70,1201.0,0.0,0.0,9457.0,0.0,8581.0,664.0,0.0,0.0,0.0,0.0
Stomach-AdenoCA::S.71,326.0,0.0,0.0,0.0,0.0,0.0,0.0,3644.0,0.0,0.0,3778.0
Stomach-AdenoCA::S.72,373.0,0.0,1098.0,2237.0,0.0,282.0,941.0,1850.0,0.0,5087.0,0.0
Stomach-AdenoCA::S.73,939.0,0.0,0.0,13945.0,0.0,9799.0,1189.0,4987.0,0.0,8650.0,0.0
Stomach-AdenoCA::S.74,968.0,0.0,5913.0,14313.0,616.0,3767.0,7562.0,439.0,1808.0,0.0,0.0
Stomach-AdenoCA::S.75,865.0,378.0,0.0,7418.0,0.0,1251.0,8670.0,0.0,0.0,3415.0,0.0
Stomach-AdenoCA::S.76,1944.0,0.0,0.0,13706.0,0.0,0.0,0.0,409.0,269.0,0.0,6668.0
Stomach-AdenoCA::S.77,658.0,0.0,0.0,5454.0,0.0,0.0,1204.0,0.0,0.0,1721.0,0.0
Stomach-AdenoCA::S.78,1354.0,0.0,0.0,0.0,0.0,551.0,23.0,0.0,0.0,0.0,0.0
Stomach-AdenoCA::S.79,1037.0,508.0,2671.0,16845.0,0.0,841.0,7612.0,2633.0,0.0,6421.0,0.0
Stomach-AdenoCA::S.80,479.0,344.0,0.0,755.0,0.0,113.0,1068.0,464.0,0.0,544.0,0.0
Stomach-AdenoCA::S.81,630.0,2842.0,1443.0,6503.0,0.0,173.0,2123.0,0.0,0.0,0.0,0.0
Stomach-AdenoCA::S.82,1652.0,0.0,0.0,5418.0,828.0,0.0,0.0,0.0,0.0,1557.0,0.0
Stomach-AdenoCA::S.83,1183.0,132.0,0.0,9075.0,794.0,0.0,0.0,0.0,0.0,0.0,1133.0
Stomach-AdenoCA::S.84,229.0,0.0,0.0,247.0,0.0,636.0,485.0,3157.0,0.0,0.0,0.0
Stomach-AdenoCA::S.85,821.0,0.0,13177.0,5121.0,0.0,6841.0,9816.0,0.0,0.0,0.0,0.0
Stomach-AdenoCA::S.86,995.0,0.0,0.0,0.0,0.0,0.0,0.0,1738.0,0.0,0.0,0.0
Stomach-AdenoCA::S.87,3003.0,0.0,0.0,2163.0,0.0,3272.0,0.0,3714.0,0.0,0.0,0.0
Stomach-AdenoCA::S.88,953.0,0.0,0.0,0.0,0.0,4882.0,7031.0,8247.0,1887.0,2536.0,0.0
Stomach-AdenoCA::S.89,0.0,126.0,0.0,2755.0,0.0,509.0,5892.0,0.0,0.0,0.0,0.0
Stomach-AdenoCA::S.90,589.0,0.0,0.0,0.0,0.0,3180.0,0.0,0.0,0.0,0.0,0.0
Stomach-AdenoCA::S.91,2184.0,0.0,0.0,6372.0,0.0,186.0,4250.0,530.0,0.0,0.0,0.0
