,SBS1,SBS2,SBS3,SBS4,SBS5,SBS9,SBS13,SBS17a,SBS17b,SBS18,SBS28,SBS40
Lung-AdenoCA::S.1,0.0,5718.0,14046.0,178993.0,11744.0,0.0,1338.0,0.0,0.0,0.0,0.0,0.0
Lung-AdenoCA::S.2,343.0,4010.0,0.0,0.0,12228.0,0.0,0.0,0.0,0.0,0.0,0.0,0.0
Lung-AdenoCA::S.3,363.0,1840.0,0.0,0.0,21069.0,0.0,3223.0,0.0,0.0,3207.0,0.0,0.0
Lung-AdenoCA::S.4,104.0,871.0,0.0,0.0,6379.0,0.0,0.0,0.0,0.0,0.0,0.0,0.0
Lung-AdenoCA::S.5,258.0,5244.0,0.0,9848.0,0.0,0.0,0.0,0.0,0.0,0.0,0.0,0.0
Lung-AdenoCA::S.6,750.0,0.0,0.0,38626.0,4434.0,0.0,0.0,0.0,0.0,0.0,0.0,0.0
Lung-AdenoCA::S.7,659.0,0.0,0.0,57853.0,0.0,0.0,0.0,0.0,0.0,0.0,0.0,10682.0
Lung-AdenoCA::S.8,0.0,0.0,0.0,91409.0,0.0,0.0,0.0,0.0,0.0,0.0,0.0,0.0
Lung-AdenoCA::S.9,566.0,0.0,0.0,0.0,11143.0,0.0,5654.0,0.0,0.0,3276.0,0.0,0.0
Lung-AdenoCA::S.10,417.0,1610.0,0.0,44432.0,0.0,0.0,3918.0,0.0,0.0,0.0,0.0,0.0
Lung-AdenoCA::S.11,669.0,3432.0,0.0,0.0,0.0,724.0,0.0,0.0,0.0,3772.0,0.0,5634.0
Lung-AdenoCA::S.12,517.0,0.0,0.0,0.0,0.0,0.0,92.0,0.0,0.0,0.0,0.0,6992.0
Lung-AdenoCA::S.13,348.0,2169.0,0.0,24777.0,17274.0,0.0,0.0,0.0,0.0,7097.0,0.0,10678.0
Lung-AdenoCA::S.14,239.0,2655.0,0.0,0.0,28490.0,0.0,8387.0,0.0,0.0,0.0,394.0,0.0
Lung-AdenoCA::S.15,941.0,3676.0,0.0,6334.0,14318.0,0.0,3332.0,0.0,0.0,0.0,0.0,0.0
Lung-AdenoCA::S.16,558.0,2087.0,0.0,0.0,6315.0,0.0,0.0,0.0,0.0,0.0,0.0,0.0
Lung-AdenoCA::S.17,736.0,5129.0,8162.0,23853.0,14372.0,0.0,0.0,0.0,0.0,0.0,0.0,0.0
Lung-AdenoCA::S.18,0.0,0.0,0.0,23937.0,6911.0,0.0,0.0,0.0,0.0,953.0,0.0,0.0
Lung-AdenoCA::S.19,686.0,4144.0,6537.0,0.0,6980.0,0.0,0.0,162.0,0.0,0.0,0.0,0.0
Lung-AdenoCA::S.20,181.0,215.0,1979.0,9083.0,0.0,0.0,2288.0,0.0,0.0,0.0,0.0,17126.0
Lung-AdenoCA::S.21,631.0,194.0,0.0,0.0,6760.0,0.0,0.0,0.0,0.0,0.0,0.0,0.0
Lung-AdenoCA::S.22,0.0,0.0,0.0,65458.0,0.0,0.0,0.0,0.0,0.0,4330.0,0.0,14928.0
Lung-AdenoCA::S.23,417.0,476.0,0.0,0.0,12514.0,0.0,0.0,0.0,0.0,0.0,0.0,0.0
Lung-AdenoCA::S.24,1679.0,0.0,0.0,99782.0,9874.0,0.0,0.0,0.0,2996.0,0.0,796.0,0.0
Lung-AdenoCA::S.25,361.0,4003.0,0.0,28420.0,0.0,0.0,0.0,0.0,0.0,3054.0,0.0,10813.0
Lung-AdenoCA::S.26,1396.0,0.0,0.0,0.0,17050.0,0.0,0.0,0.0,3089.0,7164.0,0.0,4011.0
Lung-AdenoCA::S.27,843.0,462.0,0.0,44687.0,3425.0,0.0,4555.0,0.0,0.0,5367.0,0.0,8578.0
Lung-AdenoCA::S.28,362.0,3670.0,5707.0,36559.0,3937.0,945.0,0.0,1299.0,0.0,3518.0,0.0,0.0
Lung-AdenoCA::S.29,692.0,0.0,0.0,0.0,2484.0,0.0,0.0,918.0,0.0,382.0,0.0,4061.0
Lung-AdenoCA::S.30,0.0,281.0,0.0,19874.0,12202.0,0.0,2770.0,0.0,0.0,0.0,0.0,0.0
Lung-AdenoCA::S.31,379.0,0.0,0.0,32193.0,0.0,0.0,0.0,0.0,0.0,0.0,0.0,0.0
Lung-AdenoCA::S.32,170.0,2422.0,0.0,0.0,19576.0,0.0,4754.0,0.0,0.0,0.0,0.0,0.0
Lung-AdenoCA::S.33,365.0,4837.0,0.0,0.0,10843.0,0.0,0.0,0.0,0.0,0.0,0.0,0.0
Lung-AdenoCA::S.34,0.0,0.0,0.0,915.0,15281.0,720.0,0.0,0.0,0.0,965.0,0.0,10332.0
Lung-AdenoCA::S.35,376.0,0.0,0.0,5686.0,0.0,0.0,0.0,0.0,0.0,0.0,0.0,0.0
Lung-AdenoCA::S.36,1121.0,0.0,0.0,0.0,6078.0,0.0,4995.0,0.0,0.0,0.0,0.0,0.0
Lung-AdenoCA::S.37,0.0,0.0,0.0,0.0,17333.0,0.0,653.0,680.0,0.0,1081.0,463.0,28327.0
Lung-AdenoCA::S.38,471.0,3321.0,0.0,34390.0,1822.0,0.0,311.0,0.0,0.0,3068.0,0.0,0.0
Lung-AdenoCA::S.39,0.0,0.0,0.0,0.0,6515.0,0.0,204.0,146.0,0.0,880.0,0.0,5771.0
Lung-AdenoCA::S.40,307.0,500.0,4346.0,0.0,34429.0,0.0,956.0,0.0,0.0,644.0,296.0,0.0
Lung-AdenoCA::S.41,249.0,385.0,0.0,7470.0,28054.0,0.0,0.0,0.0,0.0,1492.0,220.0,0.0
Lung-AdenoCA::S.42,688.0,4157.0,0.0,0.0,5784.0,0.0,0.0,0.0,0.0,0.0,0.0,0.0
Lung-AdenoCA::S.43,487.0,263.0,0.0,0.0,10258.0,0.0,145.0,863.0,0.0,1396.0,0.0,4253.0
Lung-AdenoCA::S.44,493.0,5626.0,0.0,38750.0,21350.0,0.0,0.0,0.0,0.0,0.0,0.0,0.0
Lung-AdenoCA::S.45,1294.0,237.0,2251.0,720.0,6928.0,0.0,924.0,683.0,4463.0,0.0,0.0,4339.0
Lung-AdenoCA::S.46,209.0,932.0,0.0,0.0,3653.0,0.0,15092.0,0.0,0.0,0.0,0.0,0.0
Lung-AdenoCA::S.47,279.0,4243.0,0.0,27741.0,5096.0,0.0,0.0,0.0,0.0,0.0,0.0,0.0
Lung-AdenoCA::S.48,0.0,10706.0,7009.0,0.0,6038.0,0.0,0.0,0.0,0.0,0.0,0.0,18932.0
Lung-AdenoCA::S.49,0.0,3922.0,0.0,0.0,18947.0,0.0,5002.0,0.0,0.0,0.0,330.0,0.0
Lung-AdenoCA::S.50,0.0,273.0,0.0,0.0,0.0,0.0,6176.0,0.0,0.0,0.0,0.0,0.0
Lung-AdenoCA::S.51,1007.0,894.0,0.0,0.0,7121.0,0.0,445.0,82.0,0.0,0.0,0.0,0.0
Lung-AdenoCA::S.52,296.0,3856.0,0.0,0.0,14287.0,0.0,0.0,0.0,0.0,0.0,0.0,0.0
Lung-AdenoCA::S.53,1008.0,2740.0,0.0,21850.0,1841.0,0.0,0.0,0.0,0.0,0.0,0.0,0.0
Lung-AdenoCA::S.54,793.0,576.0,0.0,21101.0,3278.0,0.0,0.0,0.0,550.0,0.0,0.0,0.0
Lung-AdenoCA::S.55,0.0,0.0,2414.0,48265.0,0.0,0.0,1280.0,0.0,0.0,4225.0,0.0,0.0
Lung-AdenoCA::S.56,0.0,2850.0,0.0,104951.0,6055.0,0.0,23718.0,0.0,0.0,3663.0,0.0,0.0
Lung-AdenoCA::S.57,0.0,0.0,0.0,0.0,0.0,0.0,2745.0,0.0,1302.0,0.0,0.0,25438.0
Lung-AdenoCA::S.58,790.0,100.0,0.0,0.0,6207.0,0.0,0.0,0.0,0.0,346.0,0.0,2803.0
Lung-AdenoCA::S.59,256.0,6852.0,0.0,0.0,0.0,624.0,0.0,0.0,0.0,278.0,0.0,0.0
Lung-AdenoCA::S.60,745.0,0.0,0.0,126694.0,0.0,0.0,0.0,0.0,0.0,0.0,0.0,0.0
Lung-AdenoCA::S.61,277.0,824.0,0.0,12010.0,22062.0,0.0,0.0,0.0,0.0,0.0,0.0,0.0
Lung-AdenoCA::S.62,980.0,0.0,0.0,18054.0,2380.0,0.0,2822.0,0.0,0.0,1253.0,0.0,2525.0
Lung-AdenoCA::S.63,0.0,0.0,0.0,0.0,20181.0,0.0,941.0,0.0,0.0,2902.0,0.0,0.0
Lung-AdenoCA::S.64,454.0,1880.0,0.0,38153.0,19841.0,0.0,890.0,0.0,0.0,0.0,0.0,0.0
Lung-AdenoCA::S.65,427.0,4950.0,0.0,7781.0,0.0,0.0,1135.0,0.0,0.0,0.0,0.0,6863.0
Lung-AdenoCA::S.66,594.0,2344.0,0.0,11844.0,6212.0,0.0,2737.0,0.0,0.0,0.0,0.0,0.0
Lung-AdenoCA::S.67,378.0,7131.0,0.0,0.0,14361.0,0.0,0.0,0.0,0.0,0.0,0.0,0.0
Lung-AdenoCA::S.68,1160.0,861.0,7175.0,86416.0,0.0,0.0,4464.0,0.0,0.0,0.0,0.0,0.0
Lung-AdenoCA::S.69,541.0,7626.0,3502.0,20368.0,2594.0,0.0,1472.0,0.0,0.0,0.0,185.0,0.0
Lung-AdenoCA::S.70,687.0,0.0,0.0,11899.0,0.0,0.0,373.0,0.0,0.0,0.0,0.0,0.0
Lung-AdenoCA::S.71,482.0,418.0,1737.0,0.0,0.0,0.0,2776.0,0.0,0.0,875.0,0.0,17056.0
Lung-AdenoCA::S.72,167.0,1222.0,0.0,0.0,2292.0,0.0,1991.0,0.0,0.0,0.0,0.0,768.0
Lung-AdenoCA::S.73,382.0,228.0,0.0,31160.0,0.0,0.0,0.0,0.0,0.0,0.0,0.0,0.0
Lung-AdenoCA::S.74,0.0,10039.0,0.0,22387.0,16621.0,0.0,0.0,2646.0,0.0,0.0,0.0,0.0
Lung-AdenoCA::S.75,557.0,0.0,0.0,18706.0,45838.0,1587.0,338.0,380.0,0.0,0.0,0.0,0.0
Lung-AdenoCA::S.76,309.0,0.0,0.0,0.0,1031.0,0.0,0.0,0.0,0.0,0.0,0.0,0.0
Lung-AdenoCA::S.77,0.0,4234.0,7579.0,42486.0,0.0,0.0,0.0,0.0,0.0,0.0,0.0,10824.0
Lung-AdenoCA::S.78,230.0,0.0,0.0,0.0,4937.0,0.0,0.0,0.0,0.0,0.0,0.0,5918.0
Lung-AdenoCA::S.79,705.0,317.0,0.0,0.0,7099.0,0.0,0.0,0.0,0.0,0.0,0.0,0.0
Lung-AdenoCA::S.80,150.0,0.0,0.0,0.0,2612.0,0.0,0.0,0.0,0.0,0.0,0.0,0.0
Lung-AdenoCA::S.81,0.0,0.0,0.0,28515.0,8667.0,0.0,0.0,0.0,0.0,1203.0,0.0,0.0
Lung-AdenoCA::S.82,0.0,0.0,9263.0,11707.0,3544.0,0.0,3214.0,0.0,0.0,2218.0,0.0,0.0
Lung-AdenoCA::S.83,298.0,0.0,4595.0,0.0,2298.0,0.0,7924.0,0.0,0.0,0.0,0.0,0.0
Lung-AdenoCA::S.84,938.0,1339.0,0.0,41479.0,0.0,0.0,0.0,0.0,0.0,4722.0,0.0,9687.0
Lung-AdenoCA::S.85,489.0,1926.0,0.0,9996.0,6573.0,0.0,1589.0,0.0,0.0,0.0,0.0,0.0
Lung-AdenoCA::S.86,396.0,0.0,1659.0,16321.0,0.0,0.0,0.0,0.0,0.0,0.0,0.0,0.0
Lung-AdenoCA::S.87,383.0,0.0,3940.0,0.0,0.0,0.0,4409.0,0.0,0.0,0.0,0.0,0.0
Lung-AdenoCA::S.88,0.0,0.0,0.0,11323.0,2227.0,0.0,0.0,0.0,0.0,0.0,0.0,6349.0
Lung-AdenoCA::S.89,0.0,0.0,0.0,26966.0,0.0,0.0,0.0,0.0,1150.0,0.0,0.0,9028.0
Lung-AdenoCA::S.90,826.0,0.0,0.0,0.0,7490.0,0.0,0.0,0.0,0.0,0.0,0.0,0.0
Lung-AdenoCA::S.91,861.0,0.0,0.0,2132.0,1220.0,0.0,0.0,0.0,0.0,0.0,0.0,0.0
Lung-AdenoCA::S.92,425.0,3083.0,8854.0,39408.0,0.0,0.0,0.0,0.0,0.0,0.0,0.0,0.0
Lung-AdenoCA::S.93,349.0,2673.0,0.0,44549.0,5783.0,0.0,0.0,0.0,0.0,0.0,0.0,0.0
Lung-AdenoCA::S.94,487.0,0.0,0.0,2057.0,0.0,0.0,2238.0,0.0,0.0,0.0,0.0,9139.0
Lung-AdenoCA::S.95,553.0,2881.0,0.0,9959.0,0.0,0.0,0.0,0.0,0.0,0.0,0.0,5847.0
Lung-AdenoCA::S.96,271.0,0.0,0.0,47712.0,0.0,0.0,0.0,0.0,0.0,2772.0,0.0,5186.0
Lung-AdenoCA::S.97,1054.0,0.0,0.0,0.0,21984.0,0.0,7351.0,1682.0,0.0,0.0,0.0,0.0
Lung-AdenoCA::S.98,406.0,0.0,0.0,0.0,6207.0,0.0,0.0,0.0,0.0,445.0,0.0,0.0
Lung-AdenoCA::S.99,187.0,0.0,0.0,24696.0,0.0,0.0,0.0,0.0,0.0,2541.0,0.0,0.0
Lung-AdenoCA::S.100,0.0,2053.0,0.0,0.0,18937.0,0.0,0.0,0.0,4700.0,0.0,0.0,2988.0
