Mutation type,Trinucleotide,Stomach-AdenoCA::MSI-H.S.1,Stomach-AdenoCA::MSI-H.S.2,Stomach-AdenoCA::MSI-H.S.3,Stomach-AdenoCA::MSI-H.S.4,Stomach-AdenoCA::MSI-H.S.5,Stomach-AdenoCA::MSI-H.S.6,Stomach-AdenoCA::MSI-H.S.7,Stomach-AdenoCA::MSI-H.S.8,Stomach-AdenoCA::MSI-H.S.9
C>A,ACA,-493.20242705541955,103.03751419513475,34.08059017123185,41.17943045316309,-196.66134251902258,-609.971367462527,-9.5263516364964,-138.59481814966762,-257.960603857224
C>A,ACC,-333.4890927443357,119.83450702434192,174.3469219485937,-79.4181280774751,-241.7990878958285,848.2031924175476,-13.459985298304332,-443.4638291816441,168.56426845617875
C>A,ACG,168.72120665719058,-3.521030765080333,12.758191131289063,-26.270183595276322,50.01838861943537,-48.953697762219406,9.001942555885321,3.8893496556835316,-24.341325312177887
C>A,ACT,-266.7427987788135,13.076754119285795,123.98835341707797,-24.53866755092821,-267.1923243154524,326.5557141688387,-38.84976933602178,74.97230289769027,-138.98735034252059
C>A,CCA,-694.7292398850486,-206.1986284731879,-1701.9012362461044,206.09996521924722,1602.428567529134,-1478.0359150496224,-28.04641856581577,-136.20864484087645,482.0192141464481
C>A,CCC,-87.72246410706748,-378.7316193804538,509.8243200825515,-45.99148617609626,-126.30079633788182,-623.3692119620921,-56.199692420615975,-88.16638192820483,620.6353106266579
C>A,CCG,109.91642255464251,-4.020876386091004,173.24578898522049,-33.13051543122347,-10.673559392165885,271.0750620298322,8.1495257590081,-16.77712208696903,21.22434044175202
C>A,CCT,-472.64243665900267,-130.7431630387273,206.08879676716833,-325.18508195740355,-574.6776640123844,-775.1881626386776,33.004502925170755,80.8854401996814,-524.1940121194966
C>A,GCA,-134.27737862966387,33.44438016372226,16.579404124649386,-43.934787569281696,-630.5177450918573,-171.67235574613392,-29.572369330366726,64.63798963687793,-118.93914126478239
C>A,GCC,-12.70136073801018,-2.918391429991061,157.20398861275987,-54.81851467572852,-167.99152755766113,-208.27863338209067,-38.29661972378017,-44.8812552056761,46.5399877315067
C>A,GCG,-2.679528564191287,38.616825734921775,24.321716371501452,4.59698971571278,-147.845688900219,175.6055231584798,-3.84476464240597,-65.12499359375161,16.495100762884363
C>A,GCT,-135.20842910103283,-27.388675158609203,-180.43551252649013,124.36151261260363,212.37248084888824,-73.85576688295896,13.703613801233814,46.04340882218605,45.55094005724686
C>A,TCA,-424.5539002732221,111.27666318806962,-619.9423660885745,105.05195958550746,404.06736048764424,-855.405542388728,-17.484185736662198,243.42509446625468,-145.55502519038862
C>A,TCC,531.0292002679214,173.33313917636372,-78.83808143287933,36.45972227210024,-330.4088855578625,-104.42550172784331,-33.56728954320283,-124.58772337455775,18.14161184284876
C>A,TCG,58.18897861426592,39.29060531813459,29.510751417678343,-20.596152880127747,-122.46402406046957,75.8619458176642,-9.988941255275574,-116.27042497572324,-39.38856208043072
C>A,TCT,83.38122518953696,-142.92178337556902,121.2150365399632,-4.3267566133175706,-225.47267853788162,-408.24351047611844,5.8060990751795885,-117.82986161983467,-262.5617521271258
C>G,ACA,610.568639643097,-126.36565948208056,105.12294249001806,-36.46863422500974,-81.31817507112123,48.234314517942494,25.99611076742022,350.57834133122947,258.9652686999093
C>G,ACC,647.8330952146239,8.033850435919732,32.243378074504164,50.967429100826166,128.57941609368925,418.90528313044217,-2.931718966508086,201.6565445156873,-87.0316620306503
C>G,ACG,5.454490357891785,-11.956147827901844,23.741556395759645,11.003274769868767,-3.6810017813817524,19.919108918047982,-0.7784827653333313,-45.17008769329766,-14.4507557233281
C>G,ACT,28.697012529972653,29.22835730445496,104.38774847746708,-9.651660180562374,2.073502813833784,-47.55362348396284,-54.63179561240227,-465.0558829883747,69.09710518911038
C>G,CCA,-99.81594237111199,100.26434580869315,89.14534923840176,-26.851822287636764,25.603281453280943,209.85128400721487,0.9327888289111144,316.57197686468623,-3.7121739192112386
C>G,CCC,-292.5434950495105,59.776299566961484,80.2213947297481,123.71976269243311,-559.6253581316612,-578.9685487578929,-8.272066628630384,-0.7104749809891473,-146.1346464184307
C>G,CCG,129.21068258823533,17.426039949077385,46.824904274737165,11.151934193764461,-32.52854316055033,-56.84367611143972,-2.3555284376682053,-19.884890968562786,-23.126556425893256
C>G,CCT,-312.5400247292623,202.70948448974028,46.293708286065396,21.223874289614002,-519.2678884976999,552.6311764670547,-36.06591322565377,-36.75747181855968,-293.1893570222801
C>G,GCA,-48.63221235072774,70.32820814589192,-12.713277534703394,-29.581670295651634,92.50546552664275,-176.15972199420776,-16.158129661737405,-42.156234588968914,-38.9093233525989
C>G,GCC,-140.41269783996586,1.331717918600475,23.009385099719054,8.443565478270585,-287.4728375570918,-163.44750104461343,-9.669739183477219,-1.1795190566987799,-33.181617365426746
C>G,GCG,-44.74100321254895,2.5538427755314714,23.529179721381688,-9.565047794317238,66.48664959613657,-94.63387455813694,0.4156597211365174,-26.57436829888593,-2.990703902753097
C>G,GCT,-294.5886652459344,-19.932212233224703,26.583121104209752,5.15690671918415,-206.76114304740815,-39.162694181123925,-27.271897153089085,-204.1715342291037,-35.047112477345195
C>G,TCA,-277.43509055632194,-33.58663360898635,35.05999009214361,-63.162428985469205,40.30031570899109,403.292099218575,35.072695117691254,-214.20956308333677,-134.15743554515598
C>G,TCC,464.24212963843956,68.12993544076122,36.11398869490637,12.343584207297027,119.65320946707016,84.53154223252,-24.908418735549006,-34.970508008328125,-233.62880214265954
C>G,TCG,-88.03438266266528,5.341762345997076,12.746340588802653,-0.7218565004528728,-49.50814848910147,-34.66817232054581,2.168727649912835,63.11552332992619,-16.5723906154641
C>G,TCT,194.80655948474578,52.05114335739859,-50.325231052474464,-197.1313087558089,309.396544687085,-309.12170013913374,-49.224727069965525,-299.49981010567535,-412.2390402916542
C>T,ACA,1061.657837352799,-849.9704966157242,1932.435597424142,-307.8176714036149,477.992226252758,-1527.2834068471284,27.145928287299967,1076.117793776456,207.8176928192861
C>T,ACC,-433.7543449643026,5.251896534648495,508.4076721453987,-155.50115454638762,331.2773024098692,-563.6223294011738,72.7331698591463,324.37650488506824,379.5109097884979
C>T,ACG,-193.77688105614106,407.20925713955876,-1255.7934293310063,432.964001133636,-499.75301318351285,1647.0386459596812,193.42109494623378,792.9553450483281,3.5557262579250164
C>T,ACT,-143.19338137633986,-369.91478018635416,697.116638852162,-244.2338496798452,-1188.875019184226,-428.5912174842788,-55.52855180347183,429.3644226429624,-357.50997157544043
C>T,CCA,27.442954259165617,-6.683687280789172,-138.6003607823004,299.19169831554177,-710.9535175506553,-105.12306243405465,70.52538120734073,-226.35167291167681,-196.69340263767754
C>T,CCC,154.31730988198933,249.5488470699471,-316.9732686348534,-25.019458419935972,201.62201242916944,455.4560633269489,-43.80366926420223,-110.28317524300155,-56.53290037777583
C>T,CCG,-660.7086502893926,105.60596280718164,-333.9898015821973,-405.2747158482025,1138.0075735264127,-78.25092090923135,-240.3270327116868,583.2427381684165,276.83321195593817
C>T,CCT,1709.5580473659052,79.42132788679874,644.7261095537949,-117.83694503462016,-667.560005484846,81.92731458730304,29.047095443352077,-617.7173462698183,-34.02484983732029
C>T,GCA,754.3194215453459,193.6522227761052,-547.2778515479667,821.5628744546138,101.37089800106969,-923.2372960291577,247.86289137629024,227.1194883791868,117.80038982933638
C>T,GCC,-614.386042936605,197.5351365851111,-1924.0510982456453,-64.49510945023349,1169.8772309546002,5000.821176315363,-199.83982761767288,-661.1166052985318,229.59086627684428
C>T,GCG,675.0255116679764,-807.6934276119391,2337.7864730918955,-350.8004541868213,-768.5676202879331,-2156.8134683791977,-261.6666240370446,-1739.2720893485402,-297.8666855116862
C>T,GCT,-1278.0570416125138,1985.7888317796442,-1972.3753203510096,307.82111540670076,513.158182507821,644.6710106244482,-30.331603992304508,-96.14514524003653,606.4852704378955
C>T,TCA,-723.9165613086761,196.75878011948043,-1064.7760482046674,-26.560126618917366,-722.5190176701544,-47.87464920101684,22.518010966529232,-207.07235076412508,-420.1463918103693
C>T,TCC,-615.0285095830441,93.00371135567298,-310.76282481350063,56.743076772121185,322.82462883624794,238.27425680643046,-84.27423789969728,-308.6047530303467,354.1048396662102
C>T,TCG,212.77470227044705,281.2141808920883,-382.2372986548621,45.486330806046226,1147.379776014348,-478.13913029788,278.72837356193634,-457.7846281036691,56.327902077339786
C>T,TCT,164.13681952657407,-422.84407382506913,271.60459219647294,25.134198061658253,769.9443029405506,-168.43903361292405,16.34225087203663,406.0379348058632,-478.66990428295503
T>A,ATA,127.6184142046061,-57.88563857363158,102.62829366884085,-10.857068625528484,-250.04319513798373,168.7505585348556,18.123544661122764,105.95566101584643,-263.7028939937179
T>A,ATC,-46.19107918080658,47.30113378645399,188.7890229994557,-0.23500943102362726,-1.5369436322553156,6.336618149972082,-2.3460766330693446,-125.85087383946279,106.65309468542137
T>A,ATG,-17.807608457159404,101.35924229239325,74.94957631391455,43.38510723915158,78.9784453346133,-116.75288170524959,-22.79404724336014,-3.474528453975495,-109.45762846320758
T>A,ATT,124.47938354228995,72.71718231120667,-8.76628783126921,-148.13031993595985,-145.1381308618288,-1031.9593958213673,112.98147082537014,-174.78146545498566,-618.8105196140923
T>A,CTA,-117.54820300039262,23.227527006600482,20.33020128337583,72.9631697547297,-54.96315460996232,-110.51336919726123,-19.295692148388675,100.239404474634,-79.53957216010758
T>A,CTC,-182.67767208834096,-22.50612474735783,84.94505273411103,4.437906314773272,6.200806396195503,-420.36310885876594,1.9536335963306044,-171.3321336516667,-134.1669665907931
T>A,CTG,-146.33738457280754,35.989578605858966,40.997905645010405,-17.24876589875808,-146.34514023718816,-98.84538833424347,-30.023734880416413,165.26360865440404,-90.23213102757279
T>A,CTT,-93.11635571090403,41.71951421920798,-30.298605673002612,-46.59246885701657,4.203144088493218,12.889530281256384,37.84673844584154,14.598265191425298,-230.783139810585
T>A,GTA,68.53567050233914,-31.687589374252582,26.664398013017802,36.02192687912972,-142.9029010560456,78.61642622641921,-6.79301251004145,-41.233742467556,-27.0362475739218
T>A,GTC,-179.04181015512563,22.140771797007687,26.576935325603756,11.816577816834695,-109.25136298921296,-158.81634418390968,-8.479784450060222,-35.15958980086066,62.4637940479347
T>A,GTG,103.62725180881432,17.38291458173134,83.1112448275345,55.562181452256624,104.88288762961372,-46.666614173609446,-7.397401635619971,-91.9743413346265,-48.65205188009037
T>A,GTT,-177.5980778911852,-32.855979399373894,53.341551595326024,-21.10168983355993,-24.000002965248996,52.58567219999975,-14.642276554884177,102.00711310802512,42.16933751241595
T>A,TTA,-438.1398679797451,109.63897181925415,-83.49168782078573,-115.63262867615742,-318.53046682940544,-142.23153174445952,-43.54576556935251,-219.70462052891753,-513.6241970599924
T>A,TTC,-69.94228173354247,35.143963852476645,-39.910926720048224,-70.60699505980932,-33.61773998684373,257.745469382824,-13.121169594620739,-65.65756310347183,-186.18739253274737
T>A,TTG,45.51351841459439,17.878934156284657,-3.252972492211825,5.219664184144591,121.98852810590733,-95.39477613303825,0.6388805325122675,8.81706172848044,-191.7791737269311
T>A,TTT,178.691914970796,-73.42289997823116,134.25899800668037,-3.8629635137579044,-303.83687384754194,-25.51583368345746,-66.50563341841507,-207.47738820192444,-467.13895754128544
T>C,ATA,-165.19530712161577,-216.6698390511724,-93.2187713043586,-249.63191052848924,-1397.130799332028,51.10084940494653,-48.18956717538629,1288.1050516112819,-34.94307905656842
T>C,ATC,162.5296189550595,-102.47006047369484,-147.35366829265695,134.81679860970291,-621.4254215447904,-507.936152222243,43.96884402428037,-335.7837165918072,-509.06682593576716
T>C,ATG,-321.80017247097385,-38.799274696459406,427.7328801727085,98.35729837403824,1273.1782070682038,2862.4490617481833,-52.95334574995377,12.979626455651669,-1042.0915355886273
T>C,ATT,423.03124912145904,103.38455282195878,25.560551203637715,281.51411066545074,1491.583137518397,-690.5696658518618,113.30388603393305,-606.3823877205627,305.4471354185762
T>C,CTA,204.20302238649447,-53.32141000328704,-113.27831283916635,38.84468894120232,201.10292187404548,-228.97759311321943,16.53079881897412,-512.2134262631735,173.47823091922646
T>C,CTC,493.32930304681645,155.15825357594082,-110.88830053641834,82.00484883665843,-120.96469027206035,-118.76268677191842,227.83403282377935,-117.62040836898495,-819.9745105398893
T>C,CTG,-874.9534632953255,117.09186474044873,338.2644607231134,29.32450442970776,-193.95920373572653,-539.8457793381294,-68.54460606715418,-138.313067469026,-147.3009977365291
T>C,CTT,-135.3530322721317,97.43005985548382,-84.41358904622302,-19.171754183005305,91.94538407479013,-626.510969961897,-101.73406637849826,124.46916587001988,302.580061597796
T>C,GTA,468.3233356748988,18.999506759645556,-320.58652149693035,-120.995268021029,-664.0079651739502,-400.4290761033417,-15.779635162375484,-677.5286350896667,-3606.505829644684
T>C,GTC,11.63250868976479,145.7506389423054,-288.301027353308,55.55800580993218,76.004919536324,-398.5746179591033,13.877249125616942,-43.67077934968711,1717.0420668029037
T>C,GTG,380.1152799982674,-322.14342599867496,-361.1449399990547,195.6700502324345,-134.6738823438336,-551.6691850925763,-71.3439153671714,213.50049730826186,2157.156553020599
T>C,GTT,-442.2927509123165,310.5007135995056,69.4931528464192,24.669823428797827,28.836153841282794,630.0089574061076,14.833783668761157,92.80965020816734,985.0976440848972
T>C,TTA,57.04505657068512,-278.3338099084931,-123.9409977697901,-42.51138044743402,-1489.5305313323765,477.27764872159787,79.21150165719985,-24.566640889484916,3070.632009631283
T>C,TTC,-45.01465904328097,-67.82074726262863,168.05427435496176,-110.22119901744213,116.08633127414896,-298.6564537152494,18.983792616660025,-120.93606803654075,661.3865428271201
T>C,TTG,218.4012468877354,49.60625095930277,370.16534776216963,309.99424115402917,-108.11747257671232,-609.7793592686876,74.9274862479894,81.96229725782109,151.2213518597432
T>C,TTT,240.53071533051116,-403.57455495052386,404.5771897218351,-225.0522139247314,193.367470626049,-624.0355604469364,141.07914611385866,174.01378209496852,87.732368553985
T>G,ATA,-79.21843269590329,45.96030541110264,-17.48872633003802,-21.584692154731016,-125.08346083148422,-165.88434523970182,-15.368417424625136,80.99483935123607,-115.00282905125783
T>G,ATC,-128.07077673391836,0.8304933924972033,21.63215075145061,-28.541262173373298,-44.725741974166226,-211.63734172397056,-22.777430411546646,46.744244400748414,-59.418111889101624
T>G,ATG,-10.618755896668972,87.09912157215788,14.966530939487399,48.44353778821778,152.67563313195024,216.41307747762016,3.9153131623426702,193.67066002761396,-114.97966741267794
T>G,ATT,-294.8548062483786,74.54072701349452,-151.7829491258351,-248.84016232240901,-91.02125187531453,-498.9805826043398,80.09471178449098,70.25165613003992,-119.47581780918506
T>G,CTA,268.5770871741159,1.0136709259794259,27.89953575497259,53.51632744935338,-21.76036841881205,99.29890775461791,-13.29462959405592,-71.7735496588889,16.416033334657527
T>G,CTC,52.188418847530784,48.67919118563853,18.249399364262786,-41.63742329140865,-202.90096043439155,99.67954450363845,44.86104933157441,18.22530367552008,-2.4341650694400414
T>G,CTG,5.631808628062345,-4.425014009337303,31.412273839677255,-7.426005220514014,-301.27938008645674,-194.07192551810522,-16.492341723464875,-67.49664619382179,-138.02012026553894
T>G,CTT,-161.47936087948574,-7.306944733926457,-201.5120300588752,55.604267008466195,-109.58440943445567,-417.88811032691683,-69.84999573688265,-351.9623679989113,56.05353861346521
T>G,GTA,-87.48048489571732,-22.86989254263559,25.81047699635903,-0.21589630616838917,27.629237631469323,-20.95873021075721,-9.051415132463632,13.87711557449677,-43.897631037886924
T>G,GTC,60.168677677262565,16.822236395764406,-8.713895906749556,-15.658826404762351,45.986638134184886,-4.281270332798897,-13.036579434734719,-51.8558916887271,-31.73936039890191
T>G,GTG,141.70003222962043,16.887967992893635,20.344839371629718,7.517337602004119,-117.7173610354588,-193.71200138853897,3.9823801372735517,-103.36390793127566,-40.47359683795639
T>G,GTT,-33.06381824047048,124.58351677668884,18.195011889281602,-120.84767728681572,-34.465682232254665,-168.4549180874542,301.720107421326,22.449952830862344,262.7949899196266
T>G,TTA,-22.050012027402545,43.160276868417526,-77.91156859315825,-13.33744483904698,-63.68102485102111,-130.96777191958154,-60.50529216863424,24.79051553248985,-387.91285233321446
T>G,TTC,-284.1742391720976,-35.062413104565366,12.44613550609273,-73.15855202238959,-191.79591114051448,-252.13365918884688,-21.678225306714864,40.478058804026546,-162.7449232560266
T>G,TTG,96.49629213179503,65.63678328599173,-27.494291167802032,56.53504643017385,375.35699675665546,-387.58390364022216,23.543587794846488,23.90296403126581,-123.77355418371053
T>G,TTT,134.54909880301875,-154.269139579706,-266.54626695599677,22.990108126977702,-930.9093534470317,297.1953579259434,-15.407597244944327,-314.60017871063746,-427.59024519487184
