Mutation type,Trinucleotide,Breast-AdenoCA::S.1,Breast-AdenoCA::S.2,Breast-AdenoCA::S.3,Breast-AdenoCA::S.4,Breast-AdenoCA::S.5,Breast-AdenoCA::S.6,Breast-AdenoCA::S.7,Breast-AdenoCA::S.8,Breast-AdenoCA::S.9,Breast-AdenoCA::S.10,Breast-AdenoCA::S.11,Breast-AdenoCA::S.12,Breast-AdenoCA::S.13,Breast-AdenoCA::S.14,Breast-AdenoCA::S.15,Breast-AdenoCA::S.16,Breast-AdenoCA::S.17,Breast-AdenoCA::S.18,Breast-AdenoCA::S.19,Breast-AdenoCA::S.20,Breast-AdenoCA::S.21,Breast-AdenoCA::S.22,Breast-AdenoCA::S.23,Breast-AdenoCA::S.24,Breast-AdenoCA::S.25,Breast-AdenoCA::S.26,Breast-AdenoCA::S.27,Breast-AdenoCA::S.28,Breast-AdenoCA::S.29,Breast-AdenoCA::S.30,Breast-AdenoCA::S.31,Breast-AdenoCA::S.32,Breast-AdenoCA::S.33,Breast-AdenoCA::S.34,Breast-AdenoCA::S.35,Breast-AdenoCA::S.36,Breast-AdenoCA::S.37,Breast-AdenoCA::S.38,Breast-AdenoCA::S.39,Breast-AdenoCA::S.40,Breast-AdenoCA::S.41,Breast-AdenoCA::S.42,Breast-AdenoCA::S.43,Breast-AdenoCA::S.44,Breast-AdenoCA::S.45,Breast-AdenoCA::S.46,Breast-AdenoCA::S.47,Breast-AdenoCA::S.48,Breast-AdenoCA::S.49,Breast-AdenoCA::S.50,Breast-AdenoCA::S.51,Breast-AdenoCA::S.52,Breast-AdenoCA::S.53,Breast-AdenoCA::S.54,Breast-AdenoCA::S.55,Breast-AdenoCA::S.56,Breast-AdenoCA::S.57,Breast-AdenoCA::S.58,Breast-AdenoCA::S.59,Breast-AdenoCA::S.60,Breast-AdenoCA::S.61,Breast-AdenoCA::S.62,Breast-AdenoCA::S.63,Breast-AdenoCA::S.64,Breast-AdenoCA::S.65,Breast-AdenoCA::S.66,Breast-AdenoCA::S.67,Breast-AdenoCA::S.68,Breast-AdenoCA::S.69,Breast-AdenoCA::S.70,Breast-AdenoCA::S.71,Breast-AdenoCA::S.72,Breast-AdenoCA::S.73,Breast-AdenoCA::S.74,Breast-AdenoCA::S.75,Breast-AdenoCA::S.76,Breast-AdenoCA::S.77,Breast-AdenoCA::S.78,Breast-AdenoCA::S.79,Breast-AdenoCA::S.80,Breast-AdenoCA::S.81,Breast-AdenoCA::S.82,Breast-AdenoCA::S.83,Breast-AdenoCA::S.84,Breast-AdenoCA::S.85,Breast-AdenoCA::S.86,Breast-AdenoCA::S.87,Breast-AdenoCA::S.88,Breast-AdenoCA::S.89,Breast-AdenoCA::S.90,Breast-AdenoCA::S.91,Breast-AdenoCA::S.92,Breast-AdenoCA::S.93,Breast-AdenoCA::S.94,Breast-AdenoCA::S.95,Breast-AdenoCA::S.96,Breast-AdenoCA::S.97,Breast-AdenoCA::S.98,Breast-AdenoCA::S.99,Breast-AdenoCA::S.100
C>A,ACA,59,182,17,145,45,100,22,48,314,123,16,29,17,85,46,8,66,83,31,54,40,12,126,37,40,33,44,108,88,67,27,37,14,26,23,157,123,10,113,36,249,85,72,62,7,133,93,148,122,160,34,131,40,220,131,10,32,187,55,48,66,3,174,58,11,33,177,69,25,76,63,22,4,25,71,181,87,47,35,32,54,22,113,34,119,27,238,27,78,29,261,90,142,54,196,52,22,16,78,34
C>A,ACC,34,151,8,83,32,59,16,38,160,74,9,39,14,26,32,5,31,29,29,53,27,8,125,19,16,8,40,81,57,51,23,29,11,24,20,133,136,12,113,25,236,52,67,49,16,138,94,100,43,127,45,113,12,155,67,8,33,116,32,26,47,13,105,50,12,34,126,51,22,22,27,19,4,23,40,156,79,38,26,40,51,9,95,43,138,12,194,17,23,24,138,99,97,31,84,34,17,7,34,16
C>A,ACG,7,19,1,14,9,9,4,9,32,10,5,2,2,17,3,5,7,8,5,7,6,7,15,4,2,2,5,13,8,3,4,3,3,8,2,12,12,0,12,4,29,7,3,10,4,24,16,13,6,19,7,13,4,15,9,3,1,11,5,4,8,1,17,6,0,7,13,6,9,5,4,5,2,6,6,19,6,8,6,7,7,1,22,1,11,6,22,2,5,4,13,16,13,10,16,4,9,0,19,3
C>A,ACT,32,132,3,95,23,103,31,35,159,56,12,17,11,27,21,6,18,43,32,19,15,13,72,26,15,10,33,85,28,43,16,21,8,25,11,92,80,10,73,10,262,38,43,41,6,96,40,57,47,66,14,111,17,153,98,2,18,78,17,13,36,8,78,19,7,12,59,52,16,28,44,9,1,10,40,73,40,18,25,31,30,8,71,25,122,18,127,12,27,27,72,64,61,19,79,33,19,8,33,18
C>A,CCA,115,163,6,139,53,108,19,51,221,101,12,27,16,29,37,8,52,96,24,63,16,26,118,73,19,22,37,120,26,65,16,39,12,19,34,125,133,10,160,13,309,63,71,78,10,138,136,182,132,166,28,180,11,214,164,17,31,218,17,22,84,4,145,36,8,10,196,47,13,54,63,9,4,24,47,125,104,61,31,39,65,16,120,54,103,38,319,16,93,63,121,76,94,59,257,31,35,5,39,24
C>A,CCC,42,146,10,160,26,136,22,73,234,110,6,29,10,15,27,5,33,29,28,69,15,17,113,14,21,10,51,118,46,43,26,16,11,24,8,194,145,9,102,9,172,26,71,16,7,161,125,98,49,226,33,184,10,291,144,7,18,210,16,21,39,8,120,25,8,19,100,49,14,21,26,8,6,23,25,126,56,15,11,20,38,9,157,18,118,20,238,7,22,23,253,84,105,23,135,31,24,5,23,13
C>A,CCG,21,30,3,16,16,17,13,19,28,16,6,12,8,18,9,2,7,26,12,11,14,6,20,6,4,9,16,23,33,29,6,12,1,6,6,15,22,2,34,7,36,24,3,11,4,32,21,28,36,19,13,28,5,28,25,8,5,20,6,8,27,2,33,5,2,8,20,13,10,20,12,1,4,2,20,29,17,18,5,28,16,3,28,10,13,10,32,3,17,11,27,11,32,11,44,8,10,3,19,6
C>A,CCT,37,113,6,72,30,71,16,38,175,74,8,22,6,33,25,4,53,89,23,36,20,23,83,42,11,14,38,66,23,48,13,20,12,14,27,83,113,8,99,9,212,43,41,43,5,106,90,132,55,74,33,138,3,170,80,2,19,169,5,13,61,3,106,41,3,20,81,53,12,44,36,8,3,5,42,97,64,34,28,35,42,4,84,27,116,23,150,11,57,30,87,50,89,40,149,13,11,2,34,14
C>A,GCA,118,63,16,61,50,72,11,28,105,63,16,23,12,51,12,7,106,128,44,21,29,28,90,114,19,23,24,43,48,82,14,56,7,48,65,55,95,28,144,24,104,118,22,114,12,36,81,174,85,56,31,102,34,131,166,11,25,71,31,49,112,21,112,45,13,22,61,20,30,84,98,20,7,10,80,56,65,105,57,55,127,16,56,80,129,65,109,13,93,101,78,55,113,93,291,40,50,18,40,24
C>A,GCC,34,54,10,82,31,74,14,35,99,55,10,26,18,34,26,3,24,33,20,36,16,16,56,7,28,23,27,60,45,44,16,16,12,31,13,66,70,7,92,13,156,41,43,31,5,78,53,75,41,108,12,81,14,159,77,10,20,95,18,26,38,10,82,27,5,17,61,38,26,26,27,17,3,14,21,106,50,20,22,37,27,6,103,32,81,29,155,11,30,44,141,83,74,20,100,23,29,4,35,12
C>A,GCG,10,18,0,7,9,20,8,4,17,8,3,4,6,11,5,3,10,21,10,4,6,2,11,7,2,0,4,9,13,5,4,7,2,8,7,7,23,7,8,3,26,12,1,9,5,13,10,17,14,12,13,16,1,12,14,0,2,23,4,4,9,6,23,5,2,1,13,9,7,17,13,3,0,0,11,11,4,10,7,4,6,3,6,5,10,9,23,2,11,6,14,18,16,15,17,3,7,1,8,2
C>A,GCT,80,64,6,50,35,53,13,30,110,59,10,20,8,25,42,9,68,84,33,42,18,18,63,42,11,23,27,40,25,60,23,25,9,28,30,54,92,23,174,16,105,61,31,65,2,60,60,130,104,114,28,70,10,89,109,6,15,105,11,18,77,5,79,29,4,19,70,31,12,83,48,6,0,12,54,53,69,55,32,28,44,4,56,37,111,23,78,7,49,49,88,41,77,44,177,22,26,10,28,16
C>A,TCA,299,121,66,23,118,187,30,31,215,76,70,24,206,119,22,1,56,128,17,48,136,21,173,60,26,228,138,177,145,379,147,50,95,29,53,154,89,25,569,21,185,105,105,97,9,184,84,264,481,115,66,107,12,152,199,35,246,398,274,725,256,19,90,344,365,195,461,54,377,64,180,85,6,1002,80,346,46,612,238,57,577,781,263,49,90,37,400,477,70,125,395,59,148,109,152,221,97,29,133,67
C>A,TCC,241,111,32,92,63,180,17,33,214,78,33,27,84,72,22,9,37,84,51,47,84,26,187,38,16,121,67,129,93,133,49,20,47,38,23,191,100,20,286,18,172,69,81,93,13,179,87,167,203,220,46,153,13,185,168,21,52,391,74,351,140,20,133,117,127,48,253,46,200,53,84,27,6,297,54,213,60,162,116,38,199,216,117,30,95,47,223,193,39,65,286,78,160,71,156,143,52,4,80,29
C>A,TCG,81,21,14,11,27,39,5,8,23,11,9,2,26,34,7,3,27,18,6,10,20,5,43,13,4,45,20,38,16,54,16,6,11,4,12,33,18,2,85,6,22,16,16,18,2,23,16,64,61,13,15,23,5,12,32,6,25,92,26,150,30,3,21,43,102,31,58,5,59,9,38,11,0,145,15,87,19,50,32,9,69,81,35,6,12,15,57,40,21,22,45,25,21,17,28,49,20,5,54,11
C>A,TCT,230,93,59,77,96,127,33,36,293,107,31,36,125,110,87,16,164,179,38,50,90,49,212,87,37,108,84,126,82,198,55,55,43,18,64,151,159,19,424,33,198,167,35,126,12,96,89,250,265,121,56,161,26,178,198,26,59,242,91,382,190,17,90,141,162,84,263,58,240,137,160,34,5,372,114,300,68,261,133,62,247,341,132,70,116,45,241,196,99,191,177,81,154,144,376,142,110,22,99,50
C>G,ACA,25,181,9,129,28,99,47,24,152,63,17,39,24,51,21,5,9,40,35,57,35,21,108,10,24,28,35,109,89,75,26,31,15,31,19,80,74,8,154,26,348,39,68,37,4,164,124,72,36,176,25,173,17,226,135,8,24,173,21,60,30,8,144,63,25,17,142,50,46,21,36,25,7,35,36,160,67,41,24,58,37,48,107,26,57,16,236,32,26,20,163,150,94,32,145,45,29,8,65,35
C>G,ACC,12,89,3,79,28,70,17,16,120,50,14,16,9,16,16,5,16,10,29,22,17,17,45,11,8,17,21,69,20,22,18,16,4,8,11,70,62,9,70,15,151,35,34,13,5,101,39,63,22,98,19,81,7,97,89,5,11,119,12,24,24,7,81,20,6,8,73,32,4,20,18,13,4,6,22,73,26,19,12,34,24,10,87,23,28,14,146,11,9,13,84,63,91,16,37,21,6,5,24,7
C>G,ACG,4,5,1,4,13,7,3,2,18,4,1,3,2,3,4,0,4,1,5,4,4,5,6,1,2,7,4,5,5,10,2,5,5,3,2,5,5,3,20,1,17,14,2,3,2,10,6,11,7,11,5,6,1,10,3,0,4,4,7,7,3,0,7,6,1,3,4,5,13,4,6,3,1,5,6,5,1,8,2,8,6,4,9,2,6,3,4,5,4,8,4,7,11,7,4,3,1,1,7,10
C>G,ACT,21,124,14,142,27,58,16,58,138,67,25,41,18,42,28,12,10,23,20,60,28,30,110,25,24,22,64,96,63,64,41,36,12,35,18,96,137,9,115,19,223,41,58,29,14,74,100,113,38,158,33,137,15,171,121,15,29,142,28,60,37,16,112,57,15,30,98,45,47,20,48,24,3,36,28,184,59,30,29,55,38,30,112,14,54,18,262,38,15,39,160,75,113,27,71,37,21,16,44,27
C>G,CCA,35,123,7,85,25,126,36,41,145,75,11,26,12,40,28,13,6,18,21,49,26,24,98,9,10,30,36,94,32,44,15,19,9,14,7,88,83,3,113,17,225,26,68,13,3,198,76,55,27,167,22,84,7,188,154,6,29,209,27,74,22,8,77,38,38,22,131,62,42,27,29,13,5,70,29,137,73,40,26,25,31,44,125,26,30,13,220,34,17,16,193,93,103,25,102,61,20,6,46,16
C>G,CCC,15,76,11,65,23,106,32,29,88,45,13,19,12,32,23,4,11,15,41,66,28,12,76,8,15,8,26,79,37,43,22,26,9,22,17,114,88,6,71,19,188,37,52,40,10,111,54,59,26,142,48,85,18,260,108,5,17,148,19,21,27,11,72,42,6,20,104,55,23,11,26,19,9,11,27,66,58,13,9,60,30,14,107,30,38,12,95,20,22,14,81,72,85,17,81,24,19,3,68,32
C>G,CCG,8,20,1,18,12,13,6,6,12,16,7,4,3,4,15,0,11,2,8,13,11,6,25,3,3,6,4,20,20,22,1,12,6,10,0,21,22,3,19,8,24,11,8,7,4,17,15,13,12,9,9,23,1,29,11,3,10,23,5,13,12,7,19,11,4,4,18,12,5,4,5,6,0,11,11,20,9,4,6,10,22,4,6,12,6,5,24,1,3,11,23,14,18,1,10,12,3,5,20,9
C>G,CCT,22,141,17,172,34,128,22,47,201,71,27,36,19,45,29,14,14,31,35,59,39,15,141,28,17,28,48,111,33,52,30,18,14,41,19,127,111,12,186,21,258,46,67,43,7,163,87,117,51,228,36,130,26,265,126,17,50,192,32,101,33,9,157,69,35,20,161,57,49,24,32,15,4,86,43,191,59,63,33,41,68,70,162,11,42,14,222,30,32,25,266,101,127,27,118,38,23,8,66,25
C>G,GCA,10,86,5,109,16,43,4,40,79,56,8,23,12,28,16,10,6,7,16,13,17,13,51,4,12,19,35,66,19,19,17,14,5,8,2,62,56,4,66,10,177,22,45,17,5,64,104,49,9,142,15,92,10,183,72,3,12,159,6,23,6,5,86,19,12,9,68,28,13,9,13,12,10,17,19,45,56,15,7,17,20,15,75,6,21,5,153,10,15,7,62,99,80,15,62,20,9,5,14,13
C>G,GCC,11,73,4,53,35,38,12,23,68,30,11,9,13,21,22,4,3,18,16,28,15,18,43,12,14,8,24,40,26,18,11,14,6,16,6,73,51,2,62,18,58,33,34,17,5,42,45,29,13,57,18,47,13,97,41,2,9,137,17,15,23,1,48,23,2,12,28,24,13,17,13,8,3,18,9,67,32,9,3,22,21,7,68,13,13,8,88,4,8,10,55,52,36,14,35,13,4,4,35,11
C>G,GCG,6,20,0,16,5,9,4,6,28,12,6,7,2,10,1,0,2,6,6,0,6,3,10,1,2,5,6,9,4,8,3,5,1,4,3,16,17,0,21,2,33,4,9,6,1,28,11,13,4,14,5,12,1,25,8,1,4,22,7,4,7,3,17,5,4,4,16,10,3,2,4,3,0,5,2,10,9,6,5,4,7,4,18,6,9,4,24,2,4,3,17,10,11,3,16,3,0,1,10,6
C>G,GCT,18,112,7,95,23,85,21,42,115,69,11,19,23,31,36,2,12,17,26,41,24,21,55,13,14,13,41,97,46,67,10,16,10,24,2,118,93,7,168,19,259,29,42,24,4,137,106,79,30,95,34,72,12,233,95,8,24,147,17,46,13,12,63,30,21,22,98,34,30,7,14,10,5,34,39,119,41,24,20,33,22,25,88,23,30,11,234,20,15,26,104,100,88,17,69,36,15,4,33,9
C>G,TCA,1198,270,264,57,437,617,33,41,155,124,153,32,898,715,48,11,12,91,39,112,342,24,1113,10,16,891,303,715,311,990,307,36,371,34,54,655,167,10,1853,7,272,115,226,202,7,292,149,760,1114,227,178,147,19,159,404,96,669,1486,342,3283,434,60,97,592,1948,539,926,72,1697,51,552,232,4,2564,89,2146,109,1484,1069,50,1212,1916,641,25,54,30,1047,1164,43,185,664,64,385,174,87,596,410,68,884,203
C>G,TCC,255,189,52,67,85,228,41,47,152,101,59,34,209,125,24,7,14,54,21,70,113,16,201,13,22,144,97,189,124,262,65,17,112,23,13,213,113,5,396,15,273,32,93,77,10,114,132,205,349,157,70,162,4,231,181,29,121,359,126,703,137,17,135,235,321,130,431,66,549,24,110,51,7,1137,43,398,55,559,186,30,238,454,204,21,35,19,435,195,11,52,283,113,172,52,133,177,76,16,117,79
C>G,TCG,88,10,11,6,14,42,7,5,25,9,9,5,52,23,8,1,3,5,6,5,35,3,48,2,3,46,16,44,21,71,20,4,20,6,2,40,12,2,77,4,17,10,12,11,4,20,11,24,72,15,16,9,6,8,17,3,29,62,30,111,31,3,12,40,79,39,56,5,85,6,24,11,0,156,4,82,8,82,68,10,88,100,29,4,5,6,40,62,1,23,50,13,34,10,6,74,24,4,49,15
C>G,TCT,1411,322,334,161,512,615,58,46,342,230,185,35,700,576,47,9,23,155,66,140,408,22,1271,23,31,943,583,806,381,1030,610,51,595,68,71,692,269,17,2551,33,326,112,307,212,9,488,276,734,845,385,288,247,24,243,496,151,927,2130,873,4341,616,57,154,1196,2360,948,1220,149,2747,69,466,199,9,4273,79,1635,131,3416,1181,67,1784,2671,817,24,62,30,957,1641,36,441,899,187,500,228,180,1104,418,68,844,429
C>T,ACA,73,125,38,219,151,126,116,83,253,81,53,71,72,151,111,24,62,80,136,67,138,72,190,43,76,89,125,202,256,122,74,58,48,80,35,149,159,47,239,93,274,114,82,145,42,211,96,139,69,145,80,207,54,182,117,54,86,243,97,189,130,43,234,122,72,84,215,104,123,95,95,46,20,119,98,232,134,111,50,215,116,63,159,64,100,43,206,59,91,85,195,182,183,73,138,136,59,35,187,88
C>T,ACC,28,95,14,94,45,64,67,57,161,49,52,39,21,90,65,11,35,49,62,39,69,34,85,31,57,28,47,98,101,81,51,69,26,51,42,99,69,17,177,28,198,90,64,79,24,180,85,95,59,146,56,137,23,246,67,22,22,151,38,38,62,30,113,53,15,32,113,70,40,25,42,37,14,10,53,106,57,25,27,94,48,13,113,44,72,40,143,18,29,41,99,88,107,56,112,83,31,17,86,43
C>T,ACG,178,118,118,189,161,259,128,279,109,108,88,306,112,191,300,120,263,113,62,74,131,60,159,192,181,94,387,408,199,167,160,86,244,192,71,58,159,354,198,156,212,176,101,197,172,138,303,287,83,211,65,201,134,172,199,66,159,296,239,176,348,85,136,96,103,278,229,123,143,356,223,406,197,232,76,279,76,122,153,55,98,96,115,157,233,95,106,185,277,192,161,85,185,102,278,194,126,111,302,118
C>T,ACT,28,170,31,138,37,94,55,50,215,94,36,39,26,82,134,20,52,53,62,52,90,61,94,58,57,47,47,86,100,86,41,51,31,64,33,142,85,21,120,43,191,117,91,124,14,138,99,65,101,179,43,147,51,214,94,25,34,154,58,62,76,21,195,94,21,44,92,73,58,47,65,21,26,33,86,113,78,52,35,96,91,20,138,57,102,50,143,27,45,43,148,146,173,52,83,52,45,26,81,66
C>T,CCA,27,137,14,147,113,169,56,83,215,88,28,38,43,77,105,26,43,68,75,51,54,47,92,37,72,41,68,108,105,81,44,88,27,78,29,89,72,18,169,35,294,80,59,104,11,215,138,123,101,185,87,152,25,221,103,14,45,149,35,60,76,14,152,72,10,40,143,102,37,59,57,30,9,29,82,129,78,41,30,102,60,11,95,52,48,49,219,39,52,37,171,96,144,79,106,34,51,24,109,49
C>T,CCC,31,173,20,105,54,127,42,71,167,86,30,53,31,69,103,30,52,62,89,70,80,35,137,28,31,67,55,149,75,106,40,46,32,40,33,111,112,15,172,39,224,94,61,81,15,130,117,113,48,190,76,176,26,263,142,30,32,315,33,45,103,8,140,95,14,44,88,44,40,28,40,26,12,26,90,133,66,43,35,124,47,23,134,38,64,37,248,15,50,48,203,125,160,70,132,58,42,11,100,27
C>T,CCG,151,95,55,126,111,182,98,149,90,85,106,242,74,129,186,68,109,93,142,88,140,70,89,152,97,82,249,168,216,168,101,123,132,127,65,52,126,203,136,48,177,178,61,138,146,188,157,176,128,117,72,138,113,107,73,82,131,141,97,104,148,55,218,139,74,156,150,88,113,245,136,226,118,142,93,194,82,72,113,98,105,75,148,118,205,117,86,131,121,149,167,84,176,92,220,129,85,59,179,130
C>T,CCT,25,294,27,155,67,116,48,88,293,116,56,71,49,105,103,19,23,50,83,90,72,42,136,56,58,58,95,166,144,103,52,46,16,69,32,155,123,26,203,24,270,117,108,113,14,130,160,149,65,401,84,195,48,245,137,27,54,225,49,68,110,17,291,87,18,53,181,92,79,42,60,30,10,37,43,137,94,38,44,117,85,23,217,47,149,18,240,34,41,47,140,168,198,59,127,89,31,12,100,85
C>T,GCA,58,158,19,111,67,110,57,61,141,76,28,45,36,82,68,24,44,52,79,64,84,40,149,31,39,42,63,125,125,131,44,79,42,53,38,110,98,17,203,45,388,84,65,63,13,167,91,159,79,120,68,225,29,227,119,30,38,163,48,87,78,16,149,95,62,70,119,77,99,77,66,40,11,85,72,148,85,65,57,73,72,65,136,50,80,21,316,63,51,41,193,150,156,63,125,72,41,16,94,56
C>T,GCC,16,138,8,90,67,105,61,54,137,74,31,51,31,86,60,22,43,61,97,55,93,32,96,23,85,53,73,82,89,102,32,44,20,42,40,143,120,14,132,43,214,98,65,73,17,173,79,116,49,154,76,153,44,121,84,18,56,153,55,57,81,35,220,45,30,59,110,56,41,33,40,39,3,24,83,96,88,46,34,87,59,18,80,39,121,36,153,18,45,45,83,119,124,32,98,29,30,16,117,69
C>T,GCG,153,122,56,96,123,166,74,169,94,53,83,177,77,129,149,84,220,57,94,80,110,67,70,105,133,72,139,168,272,111,139,80,77,167,62,39,99,117,130,122,132,174,60,126,131,138,188,165,82,118,86,136,81,101,95,96,134,161,220,141,113,46,109,77,57,172,178,75,94,211,153,117,149,161,131,153,55,116,108,93,95,112,143,96,217,75,52,103,128,154,148,64,94,62,135,133,88,54,248,121
C>T,GCT,19,111,26,86,50,89,42,56,168,50,28,33,30,61,49,14,49,42,64,59,34,45,67,31,32,28,38,73,81,67,51,40,19,63,24,117,85,14,196,42,228,74,63,54,17,115,64,94,40,143,46,140,48,108,87,24,35,146,32,44,50,14,126,86,14,41,83,113,52,23,50,21,16,39,79,149,52,62,13,69,76,18,111,59,73,21,129,22,26,43,156,89,75,31,87,45,27,21,50,54
C>T,TCA,135,138,234,547,119,2567,201,299,275,426,64,176,2852,276,3625,23,191,114,65,30,717,32,949,2035,936,840,356,472,255,514,253,61,40,110,48,384,2055,60,145,188,177,100,64,2859,22,718,129,346,4820,683,519,2996,44,1723,935,114,281,109,47,874,411,12,555,1364,346,712,620,467,210,78,979,109,61,1943,112,220,224,544,927,4411,135,168,711,71,284,3929,175,5141,94,42,2233,330,1013,213,101,59,281,1037,1419,563
C>T,TCC,87,156,48,122,58,800,90,114,249,126,58,98,390,106,677,17,79,59,98,74,123,28,326,180,125,177,121,151,160,175,85,63,33,54,38,162,289,31,183,70,226,143,70,324,23,290,99,169,1251,301,159,525,81,606,358,47,120,218,44,191,133,26,290,181,108,160,251,139,158,56,142,65,24,338,95,160,84,133,243,645,94,51,225,49,101,720,256,608,53,44,667,113,311,90,121,87,102,250,387,136
C>T,TCG,113,51,62,122,117,342,85,106,95,112,73,147,204,131,311,41,154,59,81,67,140,40,125,249,116,114,179,163,178,147,104,66,60,121,51,68,217,83,80,95,110,166,28,259,75,163,158,131,444,157,91,312,74,235,182,58,66,88,127,113,160,39,191,160,76,190,115,109,92,158,154,133,75,244,94,95,63,94,200,413,95,62,135,52,133,347,71,501,98,94,274,73,198,85,75,94,83,108,309,133
C>T,TCT,108,150,140,266,87,1872,98,210,179,293,34,184,647,222,1604,18,69,104,97,34,340,41,497,1022,388,331,379,241,177,339,208,47,24,61,35,276,924,69,135,118,202,76,81,967,21,411,99,251,1853,386,233,1480,52,625,613,100,175,102,51,550,153,18,365,708,255,268,353,346,159,71,405,103,57,1100,92,128,151,296,726,1624,80,102,435,40,242,1721,190,2241,80,47,1592,202,526,130,91,114,256,309,969,447
T>A,ATA,5,47,7,45,37,30,23,19,77,28,9,14,11,32,14,4,9,8,28,18,24,32,43,9,28,21,18,41,32,28,16,27,11,18,19,53,27,11,132,18,55,31,17,29,6,73,31,39,28,63,21,44,10,62,31,6,19,46,7,15,16,8,79,19,2,11,33,26,16,13,25,13,4,7,35,61,29,12,16,29,18,3,47,20,74,10,74,12,8,33,61,37,45,26,42,18,12,12,36,16
T>A,ATC,5,33,12,48,29,48,15,25,77,25,19,13,7,33,40,3,12,15,42,24,20,11,52,12,20,16,24,35,27,32,11,18,8,25,10,44,35,9,62,19,86,30,28,28,7,56,38,33,17,84,27,74,19,64,58,10,15,54,10,19,39,5,88,36,5,24,59,29,14,27,16,8,2,4,24,68,40,14,11,33,23,6,59,18,72,14,69,16,15,20,101,45,54,18,33,17,12,7,33,17
T>A,ATG,9,90,7,62,17,57,23,34,102,27,21,16,15,26,20,5,14,21,31,29,17,28,46,7,15,23,31,64,71,64,29,15,10,28,22,75,65,11,110,9,148,41,31,40,5,62,68,59,18,119,46,105,35,115,75,6,13,91,5,36,28,14,118,37,7,8,60,40,29,28,23,7,5,12,38,86,40,22,13,71,23,4,106,23,107,14,148,9,15,25,64,80,85,29,62,17,15,14,38,17
T>A,ATT,10,53,7,47,19,22,25,25,89,36,14,18,42,37,29,3,16,21,30,20,16,27,55,14,19,14,32,43,88,34,19,14,8,20,11,42,50,3,156,13,132,25,19,15,2,82,43,46,19,107,39,56,14,66,31,11,15,50,9,29,32,3,65,27,6,13,61,17,9,21,61,15,2,18,30,33,32,18,17,15,23,4,50,16,120,17,68,8,18,91,55,51,56,34,61,20,18,1,33,14
T>A,CTA,6,65,1,48,4,52,13,17,39,26,11,9,6,32,17,7,5,6,5,15,11,8,31,4,10,7,22,28,17,17,2,9,3,10,3,30,46,2,74,5,84,11,24,17,6,44,57,38,7,72,18,57,6,74,59,3,3,80,9,13,10,2,60,23,4,3,42,15,9,6,14,2,3,5,14,32,23,14,11,11,3,2,69,4,46,3,119,5,6,13,76,48,33,12,37,9,6,0,9,4
T>A,CTC,3,147,0,83,20,104,20,48,150,56,7,22,3,27,9,2,8,8,18,45,24,15,80,8,12,12,20,71,31,33,9,20,5,13,2,103,69,3,97,10,303,22,58,19,2,115,99,69,16,159,15,96,4,201,95,4,16,153,7,13,48,4,87,23,7,6,103,36,12,20,15,19,6,6,20,101,38,12,13,32,21,4,92,14,105,7,167,9,23,24,137,85,144,14,67,12,7,5,27,12
T>A,CTG,12,90,3,76,16,76,16,37,69,41,11,17,6,4,29,1,8,17,14,27,16,4,66,8,7,21,35,63,36,17,11,15,1,10,2,83,68,3,101,13,143,20,47,21,9,98,39,57,2,118,19,92,10,175,87,3,18,141,18,10,17,2,89,13,2,11,77,41,14,11,10,7,1,4,12,65,41,13,10,36,16,3,78,25,67,8,85,4,10,15,64,70,78,34,44,13,8,6,20,15
T>A,CTT,6,92,4,80,15,61,12,36,99,41,11,19,13,16,11,3,6,6,16,36,18,10,61,10,11,12,27,73,34,17,17,10,4,11,6,84,59,3,75,11,139,24,26,16,8,56,85,66,6,80,20,72,7,168,64,4,8,88,9,20,81,3,85,14,7,11,59,21,12,13,12,11,2,11,18,90,36,7,4,31,10,7,80,13,107,13,141,7,12,16,93,73,125,20,51,8,5,3,13,2
T>A,GTA,6,36,2,43,15,28,23,13,48,29,9,11,2,19,15,2,9,9,11,28,11,12,37,0,5,5,16,26,7,18,6,13,2,13,9,41,49,5,63,6,70,15,14,18,4,78,32,30,10,68,18,40,13,66,25,4,9,59,6,6,12,3,50,6,6,6,36,21,10,6,13,5,3,8,6,60,19,6,5,20,21,1,31,11,40,7,67,8,6,10,40,52,30,14,45,5,8,4,18,3
T>A,GTC,3,52,1,45,19,20,4,13,67,20,4,4,2,7,17,3,2,15,11,17,8,7,60,9,4,9,5,42,17,22,14,8,3,10,2,24,34,5,50,5,60,11,22,11,2,12,26,32,8,77,8,68,4,119,60,4,4,40,5,8,17,2,40,8,3,7,36,24,7,9,9,1,2,1,12,47,17,5,8,6,13,4,52,2,65,4,76,3,4,13,55,41,47,16,28,9,3,3,15,6
T>A,GTG,5,100,0,92,21,65,16,16,79,41,5,13,5,17,17,2,13,14,16,30,12,8,42,10,13,12,28,56,20,18,7,9,10,15,10,65,63,5,34,5,137,19,37,13,6,84,49,60,14,75,27,67,10,166,51,6,12,129,6,7,14,6,68,5,6,9,65,23,7,14,5,5,2,3,14,58,35,7,5,15,7,3,79,3,62,6,122,4,13,8,61,60,56,17,41,12,8,7,29,9
T>A,GTT,8,96,3,76,15,43,10,28,96,55,7,14,7,15,17,2,9,14,12,21,12,2,46,4,9,6,19,60,19,23,10,12,0,12,5,82,71,7,55,4,170,14,43,11,6,105,37,47,6,86,12,63,6,223,79,3,10,102,5,6,14,5,44,15,7,6,58,22,17,8,8,7,2,4,12,68,51,11,7,13,13,8,42,11,63,3,207,5,8,17,127,53,69,10,84,13,7,6,24,11
T>A,TTA,22,72,6,34,29,33,29,23,62,25,23,26,59,22,27,9,23,25,24,29,15,15,42,14,24,14,44,46,105,40,17,16,8,39,15,56,40,15,145,10,148,57,27,44,13,57,29,60,39,161,33,73,7,72,66,9,12,62,26,13,35,6,76,33,9,18,45,31,21,31,53,11,7,31,28,51,29,18,21,27,18,2,46,21,46,26,41,9,20,127,79,54,51,57,45,22,18,8,30,13
T>A,TTC,6,87,5,45,7,56,5,21,98,44,11,13,19,19,6,2,14,15,16,18,15,14,50,10,12,11,23,40,32,17,19,12,9,4,7,37,48,1,65,10,122,16,44,10,3,56,45,63,13,100,18,57,2,118,53,6,10,85,7,11,13,6,77,12,5,4,46,23,7,12,16,5,3,7,14,53,29,9,10,31,18,3,39,10,91,5,175,7,5,6,59,73,69,10,43,12,6,4,18,6
T>A,TTG,8,44,4,40,12,26,9,23,78,23,3,6,8,20,17,6,3,13,16,24,12,24,36,1,7,7,26,54,26,23,8,10,2,13,9,48,39,3,128,9,83,26,16,15,7,31,34,42,11,86,7,45,9,76,33,9,15,58,4,12,8,6,52,25,0,10,46,26,5,20,20,6,2,24,22,42,27,11,6,13,12,4,39,11,33,2,65,4,9,53,54,53,44,18,36,15,7,5,21,10
T>A,TTT,17,100,12,62,31,92,12,37,186,54,10,26,34,48,27,3,17,38,37,58,34,34,68,15,32,18,63,74,81,39,8,31,14,23,7,94,78,3,149,19,215,64,55,23,14,56,77,69,32,134,40,100,15,115,71,7,13,175,16,13,59,7,110,12,3,18,61,30,17,18,44,15,7,19,37,85,54,32,12,62,33,10,100,32,137,21,243,15,31,55,85,61,96,50,60,26,18,6,44,16
T>C,ATA,51,229,27,172,101,95,139,62,310,108,83,90,68,181,128,48,89,108,226,82,84,71,164,43,93,85,95,155,218,178,108,127,68,168,72,166,152,39,321,66,354,191,53,105,43,359,106,133,93,188,75,218,122,222,121,30,92,222,41,139,138,64,306,218,32,94,189,115,109,93,132,62,12,60,122,288,104,44,41,118,152,32,315,117,138,75,170,38,103,87,223,148,322,167,196,98,77,67,296,100
T>C,ATC,13,80,8,70,30,36,32,33,93,42,22,33,21,59,32,15,18,26,27,38,59,29,44,11,45,34,29,72,76,58,38,32,11,34,17,84,45,14,139,32,153,70,25,32,12,79,52,66,27,75,45,98,25,86,66,20,26,85,32,33,72,12,105,65,5,35,76,51,27,27,40,11,10,23,31,79,40,33,23,79,33,7,53,31,56,22,94,9,34,37,113,70,106,36,67,27,19,18,62,27
T>C,ATG,26,229,25,94,105,73,84,91,222,78,53,48,41,104,149,43,58,46,117,82,119,64,144,61,91,77,87,155,188,246,88,78,39,100,38,174,128,24,231,83,231,170,48,120,37,255,99,103,63,132,168,158,78,180,107,39,92,181,61,105,146,31,325,143,25,92,184,88,60,65,87,58,14,34,182,171,96,42,38,165,109,32,184,86,184,83,188,37,85,82,153,172,258,83,85,93,35,29,137,81
T>C,ATT,24,206,39,147,101,133,78,87,273,83,63,93,69,159,157,35,31,106,135,79,224,124,169,61,79,97,133,170,187,145,40,113,67,160,44,180,124,30,388,49,328,171,79,90,37,225,111,151,57,144,162,261,53,179,116,31,65,228,79,62,88,33,256,155,28,64,145,112,57,119,64,80,21,50,129,234,144,64,68,201,116,26,214,119,188,58,280,27,108,155,232,187,210,118,126,126,59,36,143,94
T>C,CTA,13,110,6,89,43,37,41,40,108,43,20,25,20,76,52,17,17,40,45,63,34,40,77,3,27,32,37,77,58,60,28,35,16,36,22,61,74,5,146,28,121,64,29,73,7,99,53,37,28,79,34,79,29,166,48,7,29,81,27,19,62,12,126,36,6,28,67,47,25,45,27,14,6,12,37,74,53,27,17,52,31,9,83,46,26,19,114,9,21,40,88,78,81,49,63,71,23,15,44,26
T>C,CTC,6,91,6,115,34,74,51,38,177,46,27,20,8,42,41,7,18,23,38,45,36,43,86,8,33,15,45,82,63,44,23,16,19,34,10,82,109,13,252,18,182,42,63,35,10,147,114,42,13,133,49,115,25,163,73,9,24,172,19,51,127,12,158,38,7,14,57,45,22,34,15,19,12,27,44,84,75,13,16,21,29,11,72,20,51,16,129,11,28,42,118,93,352,19,63,41,18,17,48,19
T>C,CTG,14,113,6,78,48,69,54,46,159,50,22,31,17,139,53,33,20,63,86,53,77,71,87,22,57,43,63,83,113,131,24,30,12,35,22,76,93,17,164,53,207,140,46,47,15,151,64,77,35,93,57,107,69,130,96,23,20,131,44,46,159,12,231,70,10,63,95,56,62,31,42,33,11,16,57,78,86,39,29,82,59,17,108,65,69,19,138,14,22,81,162,78,214,64,71,38,31,9,113,42
T>C,CTT,14,160,8,123,47,85,41,44,247,68,24,33,21,48,53,13,14,29,37,32,72,44,80,22,22,29,47,90,50,97,38,38,8,45,21,106,58,16,357,36,180,73,52,37,18,205,126,89,20,183,54,132,29,171,116,7,35,116,41,25,283,13,106,46,9,21,104,77,33,43,56,16,11,34,51,88,49,37,21,89,51,9,157,40,46,35,212,19,21,135,151,115,605,31,88,42,20,9,65,21
T>C,GTA,5,94,10,70,29,54,51,41,131,45,14,23,16,47,40,19,17,19,30,46,37,31,72,14,27,26,42,81,63,77,33,27,18,46,22,67,61,7,113,32,154,64,29,57,19,82,39,58,25,114,68,93,17,123,76,14,30,83,25,14,44,6,96,55,12,35,102,60,16,29,36,20,6,17,71,92,58,23,25,54,41,6,132,16,44,16,81,20,25,47,106,69,105,30,63,40,42,14,80,33
T>C,GTC,7,51,5,38,21,27,22,22,83,29,17,10,8,36,32,7,16,30,22,25,31,17,49,18,18,17,30,33,31,39,13,23,13,42,4,51,32,5,115,12,92,50,30,34,5,54,27,35,11,75,26,50,16,48,36,7,14,67,14,21,43,8,46,33,4,26,45,33,18,14,20,23,3,17,34,49,35,8,13,29,42,5,59,16,28,13,67,3,31,36,70,55,62,14,51,28,14,10,34,15
T>C,GTG,11,89,16,92,27,54,36,33,89,69,33,21,17,65,54,13,28,36,37,47,64,28,100,20,29,28,29,82,116,57,38,58,24,51,14,80,83,11,106,16,131,79,48,53,15,119,65,105,23,110,59,79,24,149,72,8,46,137,28,44,71,7,105,78,8,21,130,58,31,33,34,19,6,9,47,121,52,24,36,71,44,10,96,19,37,26,160,14,42,24,94,70,86,46,91,51,21,13,69,35
T>C,GTT,10,75,11,88,50,58,19,35,103,44,20,26,17,67,49,14,31,32,50,39,33,29,75,18,17,25,48,67,55,51,27,26,10,56,15,83,86,9,118,22,236,46,57,53,13,94,51,65,15,100,30,101,17,141,83,17,16,73,16,21,55,8,144,45,5,28,89,48,26,25,21,22,7,9,65,71,40,15,21,56,50,5,67,42,56,13,125,17,32,41,110,80,85,25,67,43,33,10,60,46
T>C,TTA,18,90,9,81,59,60,78,52,155,103,42,37,36,66,56,20,43,53,71,78,55,35,121,11,28,40,73,55,127,105,48,58,33,72,21,139,127,15,290,31,278,75,60,43,17,134,98,88,24,160,58,181,29,167,135,13,32,208,26,33,69,4,168,41,8,24,111,68,47,32,75,27,8,15,58,145,80,29,25,96,42,10,90,39,65,43,191,9,46,77,133,104,128,69,99,60,34,9,79,35
T>C,TTC,6,78,4,45,33,57,36,29,81,29,22,33,31,42,24,13,25,23,46,39,38,38,58,14,33,13,42,47,63,53,19,20,5,32,16,70,56,11,147,29,125,38,19,36,7,97,44,63,26,83,31,105,10,87,49,12,17,101,26,15,49,9,84,24,6,23,64,47,21,29,45,20,11,13,25,72,43,19,21,42,35,7,78,14,46,18,88,6,30,49,81,57,87,26,44,26,15,5,51,17
T>C,TTG,12,68,7,62,30,62,27,26,78,43,27,19,31,48,30,14,10,52,24,33,39,26,54,25,33,47,41,54,48,60,34,34,20,32,17,38,62,9,109,14,136,62,27,64,7,89,50,38,24,93,42,72,10,132,65,9,25,74,23,25,34,6,146,45,6,17,60,37,10,35,51,15,5,11,41,53,35,12,13,50,38,6,72,30,37,15,101,11,23,49,82,73,84,63,69,36,10,12,88,37
T>C,TTT,19,119,5,94,43,84,85,43,136,77,40,35,42,97,58,22,54,47,82,62,61,51,157,22,55,41,70,118,112,94,82,84,25,50,25,125,121,12,496,52,309,67,40,83,18,117,120,92,39,188,89,136,28,168,68,15,39,161,34,52,87,18,115,117,16,36,126,69,49,51,90,23,6,40,36,132,59,33,37,97,40,17,126,30,102,39,215,20,35,140,146,118,185,46,62,42,20,13,51,35
T>G,ATA,2,24,7,17,8,23,14,8,56,12,9,14,8,14,19,2,6,9,12,15,14,46,25,6,11,8,15,31,25,12,4,6,4,8,4,25,18,1,456,8,74,8,11,6,2,33,9,14,12,35,24,32,0,57,17,5,8,33,13,6,11,2,30,12,2,8,28,16,7,10,10,4,4,35,20,22,19,3,6,18,12,0,34,6,13,6,43,4,12,171,43,28,25,24,28,7,4,2,16,9
T>G,ATC,5,19,1,19,6,25,7,7,46,14,3,4,4,16,8,3,2,3,7,3,3,2,19,2,7,5,7,20,10,10,2,7,4,14,2,24,17,1,71,5,24,7,10,9,2,22,22,22,6,25,10,32,0,27,26,1,7,37,8,5,18,2,22,7,3,11,21,6,3,10,9,11,1,6,12,16,6,6,4,17,3,0,26,5,5,5,45,1,5,27,22,18,11,8,15,6,5,3,8,8
T>G,ATG,6,52,2,27,33,30,19,29,106,29,10,12,15,45,47,10,11,16,35,23,30,25,56,13,19,19,18,58,30,43,3,29,12,21,4,29,44,10,66,26,91,16,12,23,10,55,40,38,6,32,22,42,14,89,66,8,10,85,18,13,24,8,78,42,3,26,52,38,13,15,17,9,10,11,28,73,31,11,15,38,27,4,46,16,49,8,67,2,19,29,55,33,49,22,30,28,17,7,29,15
T>G,ATT,10,44,6,22,12,30,9,17,92,20,7,13,7,18,14,4,5,10,33,14,21,38,23,9,18,10,20,27,21,35,17,14,13,18,10,18,28,1,150,11,56,32,15,14,7,36,21,21,9,55,7,29,10,28,32,8,10,47,7,17,199,10,52,16,1,7,35,20,13,12,15,7,1,24,25,35,28,11,9,15,15,6,41,10,11,9,45,1,12,113,35,35,36,12,22,19,6,3,22,10
T>G,CTA,2,40,0,19,6,31,8,11,50,11,3,5,5,9,10,5,5,7,6,18,11,16,16,6,3,6,12,10,12,7,7,7,3,11,2,29,23,2,189,6,63,7,10,11,1,26,21,25,5,61,10,34,5,51,37,0,5,60,5,5,12,1,35,8,1,8,24,15,8,9,3,8,1,14,9,25,16,3,5,28,7,0,31,6,9,7,33,7,4,87,22,15,24,9,30,9,0,1,11,1
T>G,CTC,5,78,3,52,12,24,15,14,74,26,6,17,6,21,19,4,12,10,18,19,17,6,27,6,13,7,28,49,16,14,17,16,3,12,3,45,40,2,104,6,117,18,25,9,5,64,32,43,10,64,15,63,4,63,50,5,18,69,9,11,138,3,41,11,3,5,40,22,15,10,11,9,3,5,10,34,22,7,7,23,9,3,37,17,20,7,67,4,13,27,58,68,26,14,36,14,9,5,5,8
T>G,CTG,5,112,7,61,15,72,24,29,76,34,8,23,5,29,14,3,14,19,17,35,28,23,80,9,24,19,22,62,20,15,10,21,9,16,4,54,69,6,191,14,109,41,37,29,9,97,82,40,17,97,33,82,16,146,68,9,22,51,9,8,48,10,72,23,2,5,68,37,16,18,17,7,5,9,15,56,28,11,7,24,18,7,89,20,51,5,174,5,16,68,73,60,57,13,40,19,9,8,37,24
T>G,CTT,3,66,3,37,24,47,24,26,146,30,8,19,20,23,26,5,7,18,27,23,15,41,52,15,19,18,24,29,59,26,16,18,11,38,10,59,59,4,575,15,117,33,25,33,6,40,41,37,14,97,18,81,12,81,53,6,15,70,8,21,1226,4,51,19,8,15,40,32,17,20,30,16,2,37,26,45,36,16,23,31,14,7,68,12,29,8,74,13,20,130,75,46,58,24,35,19,13,9,36,17
T>G,GTA,5,32,2,30,9,14,7,8,41,9,8,13,7,14,10,3,4,7,10,5,11,12,16,1,9,4,6,27,15,12,5,2,3,3,4,33,29,2,88,6,68,16,14,18,4,35,23,15,3,46,6,19,4,36,43,2,7,35,2,8,6,2,33,9,3,8,39,16,6,5,3,3,2,7,3,32,10,5,4,23,4,2,34,6,10,3,68,5,3,31,31,28,30,5,25,9,6,0,10,9
T>G,GTC,0,13,1,16,6,16,8,12,25,8,1,4,3,6,6,2,8,1,6,3,3,6,7,4,5,4,9,12,11,10,4,3,3,8,2,16,8,0,59,4,37,7,6,8,2,11,6,6,3,50,4,21,1,20,8,1,1,22,4,6,30,3,18,4,2,3,21,3,3,4,3,3,2,8,2,10,6,4,3,9,3,4,16,4,3,1,51,0,2,15,13,12,11,6,8,8,4,3,3,4
T>G,GTG,7,90,3,68,21,69,17,24,87,31,12,11,10,26,19,8,12,21,11,34,23,10,77,10,18,12,26,57,33,24,10,12,3,15,7,55,69,7,88,5,95,32,33,18,10,122,37,39,25,135,26,53,12,127,70,5,16,69,7,13,25,3,77,16,5,6,67,25,10,13,11,13,4,12,12,56,30,11,9,36,15,5,48,24,30,9,162,8,20,17,111,50,48,19,58,15,9,6,28,14
T>G,GTT,2,54,2,40,7,32,4,18,59,19,3,6,5,5,11,2,4,7,8,7,2,14,37,3,13,7,8,26,20,6,7,7,2,6,2,33,30,2,196,3,45,10,16,3,1,27,37,33,14,55,3,50,4,49,27,3,3,30,10,5,238,3,40,15,0,5,29,15,3,6,11,3,1,29,5,32,28,1,3,10,6,1,42,3,13,6,82,2,8,52,40,31,46,3,30,14,6,2,10,4
T>G,TTA,5,53,2,57,12,36,14,20,101,33,12,8,28,20,11,3,10,11,14,31,13,69,31,9,8,14,28,36,71,29,4,8,2,15,6,42,43,3,277,0,131,24,34,21,4,48,20,31,9,100,35,67,11,88,68,6,9,88,4,9,19,6,56,23,10,3,59,16,20,16,52,14,1,40,24,43,26,11,4,41,18,4,42,8,24,8,74,7,7,230,58,44,44,25,41,23,3,4,16,8
T>G,TTC,9,49,11,42,29,23,14,20,96,26,11,16,17,20,10,5,15,14,31,11,29,15,35,15,11,17,16,50,38,16,24,13,6,25,11,41,35,3,85,21,114,34,19,20,4,49,19,23,17,73,27,51,10,70,41,5,4,80,14,19,44,3,53,22,4,15,43,25,15,20,30,8,9,8,16,55,29,16,6,21,19,4,66,12,15,8,61,3,17,30,38,37,25,23,39,16,12,8,42,13
T>G,TTG,8,68,7,38,24,41,26,13,129,39,5,14,21,32,19,7,9,19,37,27,16,25,46,15,17,10,28,65,40,19,14,14,9,13,7,50,44,2,85,15,150,45,32,41,5,56,48,56,12,64,29,75,12,103,41,8,29,79,9,12,36,9,47,35,4,18,63,28,11,30,29,15,4,12,36,49,33,7,9,21,13,3,66,14,29,15,87,7,18,36,57,58,40,19,27,19,6,5,32,21
T>G,TTT,13,78,8,89,32,55,26,29,207,51,30,23,108,70,55,10,16,25,45,43,31,47,77,23,23,28,74,80,102,68,19,37,17,59,12,73,111,5,604,20,227,87,36,40,10,132,66,51,19,217,42,98,26,138,81,17,33,92,7,25,453,11,201,47,6,25,72,51,38,22,73,25,9,42,24,113,43,30,19,43,38,4,100,44,32,15,164,16,23,234,114,69,99,82,84,40,30,12,36,27
