MutationType	Liver-HCC::S.1	Liver-HCC::S.2	Liver-HCC::S.3	Liver-HCC::S.4	Liver-HCC::S.5	Liver-HCC::S.6	Liver-HCC::S.7	Liver-HCC::S.8	Liver-HCC::S.9	Liver-HCC::S.10	Liver-HCC::S.11	Liver-HCC::S.12	Liver-HCC::S.13	Liver-HCC::S.14	Liver-HCC::S.15	Liver-HCC::S.16	Liver-HCC::S.17	Liver-HCC::S.18	Liver-HCC::S.19	Liver-HCC::S.20	Liver-HCC::S.21	Liver-HCC::S.22	Liver-HCC::S.23	Liver-HCC::S.24	Liver-HCC::S.25	Liver-HCC::S.26	Liver-HCC::S.27	Liver-HCC::S.28	Liver-HCC::S.29	Liver-HCC::S.30	Liver-HCC::S.31	Liver-HCC::S.32	Liver-HCC::S.33	Liver-HCC::S.34	Liver-HCC::S.35	Liver-HCC::S.37	Liver-HCC::S.38	Liver-HCC::S.39	Liver-HCC::S.40	Liver-HCC::S.41	Liver-HCC::S.42	Liver-HCC::S.43	Liver-HCC::S.44	Liver-HCC::S.45	Liver-HCC::S.46	Liver-HCC::S.47	Liver-HCC::S.48	Liver-HCC::S.49	Liver-HCC::S.50	Liver-HCC::S.52	Liver-HCC::S.53	Liver-HCC::S.54	Liver-HCC::S.55	Liver-HCC::S.56	Liver-HCC::S.57	Liver-HCC::S.58	Liver-HCC::S.59	Liver-HCC::S.60	Liver-HCC::S.61	Liver-HCC::S.62	Liver-HCC::S.63	Liver-HCC::S.64	Liver-HCC::S.65	Liver-HCC::S.66	Liver-HCC::S.67	Liver-HCC::S.68	Liver-HCC::S.69	Liver-HCC::S.70	Liver-HCC::S.71	Liver-HCC::S.72	Liver-HCC::S.73	Liver-HCC::S.74	Liver-HCC::S.75	Liver-HCC::S.76	Liver-HCC::S.77	Liver-HCC::S.78	Liver-HCC::S.79	Liver-HCC::S.80	Liver-HCC::S.81	Liver-HCC::S.82	Liver-HCC::S.83	Liver-HCC::S.84	Liver-HCC::S.85	Liver-HCC::S.86	Liver-HCC::S.87	Liver-HCC::S.88	Liver-HCC::S.89	Liver-HCC::S.90	Liver-HCC::S.91	Liver-HCC::S.92	Liver-HCC::S.93	Liver-HCC::S.94	Liver-HCC::S.95	Liver-HCC::S.96	Liver-HCC::S.97	Liver-HCC::S.98	Liver-HCC::S.99
A[C>A]A	284	487	169	101	191	225	59	74	109	141	283	129	305	206	157	155	112	76	231	74	154	42	44	43	135	105	161	160	59	75	230	272	112	138	95	118	66	420	330	138	159	305	142	98	283	341	178	143	193	471	265	239	333	247	135	461	274	193	102	176	198	92	91	112	127	186	170	367	126	61	395	131	170	64	250	143	100	504	83	133	125	284	187	184	328	65	47	140	61	58	114	99	177	103	155	190	92
A[C>A]C	235	290	122	40	151	147	37	59	92	137	184	94	325	143	111	121	77	60	149	39	134	18	45	36	98	93	123	112	62	54	173	170	71	63	34	185	135	253	236	57	133	202	93	93	264	203	164	103	211	295	248	157	268	238	79	155	474	204	101	125	185	110	152	101	117	96	92	163	79	40	158	91	98	67	185	122	121	350	58	92	67	259	122	133	159	80	21	114	42	47	90	127	98	82	94	102	83
A[C>A]G	72	116	23	14	33	16	9	15	14	31	27	42	123	33	34	17	18	24	44	11	30	2	14	13	20	23	41	30	15	17	79	55	12	20	15	14	6	42	57	20	8	44	18	13	161	114	21	54	55	79	91	71	86	71	14	44	69	74	19	57	54	17	26	17	30	48	34	83	22	10	63	30	22	24	54	33	20	91	11	13	23	109	33	77	32	13	10	24	6	11	39	31	28	24	32	32	26
A[C>A]T	123	232	129	50	113	151	25	56	44	77	135	66	209	153	100	51	49	36	88	54	72	20	60	17	67	66	90	96	55	65	181	116	46	62	35	109	39	166	186	86	56	140	74	61	208	209	112	94	97	265	114	136	218	104	79	110	235	150	91	87	109	75	40	48	68	153	92	181	81	25	159	81	96	88	137	67	65	216	29	84	77	244	112	112	158	82	19	75	37	17	90	77	95	69	117	69	78
A[C>G]A	77	167	163	86	32	159	44	57	89	84	139	42	157	102	57	116	80	32	80	39	140	20	78	31	85	110	103	107	110	29	49	96	81	96	50	96	53	254	145	85	98	73	165	45	165	116	113	97	118	206	132	63	91	101	99	183	136	55	73	103	105	121	80	79	115	135	70	152	127	46	85	55	86	106	91	99	42	254	37	99	76	93	86	52	135	99	54	76	39	54	54	42	62	42	143	97	176
A[C>G]C	55	125	114	29	23	91	19	35	47	100	61	17	73	59	42	55	49	14	57	26	87	9	54	23	63	46	39	66	27	15	34	90	57	45	39	66	46	122	78	30	62	41	40	38	105	60	65	45	62	166	59	32	29	49	33	129	63	31	49	67	75	68	58	21	47	81	48	66	54	42	35	29	61	90	67	60	18	211	21	43	52	54	71	28	146	54	22	38	27	33	29	25	28	20	76	88	84
A[C>G]G	12	21	30	13	16	26	6	11	5	19	20	8	44	23	14	25	12	6	17	7	23	9	14	5	22	21	13	22	18	7	15	18	13	3	14	13	29	38	14	15	30	12	17	6	39	23	18	12	23	41	29	8	12	17	14	43	14	15	13	19	26	9	12	12	14	31	16	18	16	6	16	11	17	19	7	15	15	42	13	14	13	17	16	9	32	23	8	15	6	5	12	4	15	7	23	12	22
A[C>G]T	97	170	177	82	56	172	23	41	98	135	132	35	324	105	53	101	80	28	92	48	132	18	77	55	111	46	52	82	76	43	82	100	48	71	60	104	40	258	105	114	92	111	116	64	196	102	135	114	68	221	115	32	51	84	86	267	152	38	68	73	78	93	104	62	63	128	85	174	92	82	116	90	138	104	93	104	88	312	60	102	105	73	99	43	123	98	30	125	30	43	83	49	40	24	92	110	120
A[C>T]A	182	307	291	252	98	410	115	257	271	393	223	97	610	286	93	274	217	92	339	139	495	67	253	201	411	218	251	251	381	82	258	310	191	203	217	352	161	439	452	225	332	168	441	356	348	320	477	254	374	417	216	175	181	317	317	974	348	189	349	413	237	299	350	287	264	563	176	476	314	184	252	274	615	380	460	451	220	471	197	353	367	310	327	141	614	296	128	319	77	224	206	76	140	121	402	247	275
A[C>T]C	92	236	182	172	51	267	58	86	144	222	235	90	221	165	70	156	130	51	135	72	297	40	141	184	178	269	82	138	184	68	89	145	74	105	104	228	87	241	236	147	173	134	148	119	163	197	143	110	187	319	221	88	88	235	98	423	160	91	152	175	241	129	142	149	166	144	158	171	249	149	172	107	152	253	221	155	78	332	184	192	160	137	157	86	389	187	67	136	66	70	95	63	68	58	237	125	187
A[C>T]G	55	36	95	50	73	187	15	88	133	114	80	80	243	73	58	114	41	242	174	36	108	20	38	43	100	57	105	33	46	30	93	54	65	65	79	93	130	90	138	46	118	108	201	34	113	56	75	151	96	86	59	51	27	172	49	212	137	83	50	115	153	49	41	82	32	216	66	37	105	32	104	41	47	73	152	92	248	130	34	40	43	32	10	91	225	46	17	156	31	76	78	67	15	104	310	89	60
A[C>T]T	117	247	339	208	55	296	111	71	99	171	170	98	491	135	93	257	156	64	230	108	279	25	78	104	255	207	176	151	132	53	103	209	129	96	176	200	143	328	286	247	211	131	246	135	252	224	312	175	234	366	295	125	98	341	184	477	252	96	207	146	168	198	205	235	207	194	187	223	269	140	187	86	322	254	156	143	168	340	132	164	257	170	236	88	282	371	55	137	99	106	87	64	124	91	201	182	263
A[T>A]A	89	96	99	67	93	122	34	55	83	43	87	44	121	72	21	85	69	24	65	42	88	43	52	11	123	81	60	68	66	32	61	70	73	84	49	83	49	136	93	108	102	62	119	60	150	60	65	77	894	171	128	79	86	61	78	128	111	55	112	61	78	74	61	52	69	115	44	88	82	20	95	34	107	89	83	73	52	234	40	67	79	180	90	35	138	86	27	90	55	26	48	40	55	29	60	399	51
A[T>A]C	43	92	82	59	56	121	40	45	79	44	63	30	102	77	19	67	60	13	54	58	89	29	59	42	90	82	52	42	50	14	65	50	36	46	66	51	41	98	86	74	76	36	93	40	82	79	98	56	208	112	67	43	43	61	70	202	132	42	67	74	57	66	65	53	69	61	80	70	112	29	78	46	156	72	113	48	57	126	32	63	48	54	73	29	101	77	38	73	27	39	57	44	34	38	68	124	73
A[T>A]G	88	139	110	57	82	148	37	47	73	108	114	71	192	74	32	80	87	24	73	48	171	32	72	53	62	76	107	43	87	19	60	75	104	80	62	140	66	147	118	127	116	39	141	78	276	132	108	61	852	143	131	89	127	91	86	231	102	79	92	81	98	94	112	59	111	106	93	95	111	65	76	52	121	104	100	89	71	187	91	83	79	148	112	52	183	95	54	67	37	51	41	30	66	26	67	341	174
A[T>A]T	57	136	96	43	49	114	30	35	51	75	52	34	109	80	24	64	58	22	37	27	85	18	39	26	76	53	37	78	38	21	51	39	45	63	46	68	30	168	87	70	74	50	92	49	80	49	74	52	62	160	87	60	29	65	59	137	160	38	74	61	78	54	56	46	54	68	61	103	51	52	96	39	88	52	69	62	49	197	37	54	30	71	87	44	97	49	28	28	27	34	43	24	61	24	72	86	81
A[T>C]A	292	388	893	341	662	434	369	458	677	465	500	140	986	398	82	575	646	284	657	566	821	363	631	225	587	728	314	231	350	117	430	229	511	643	700	726	235	491	516	1244	519	397	1282	681	676	826	634	318	653	1082	511	350	193	445	1007	1319	1117	210	637	453	525	520	492	369	517	597	588	551	788	264	785	292	816	476	790	448	332	1400	309	400	377	551	521	232	829	414	539	331	395	381	318	299	276	359	432	882	599
A[T>C]C	38	68	182	105	66	219	125	88	201	143	143	79	169	270	40	139	306	96	217	141	268	208	263	45	194	283	76	82	164	15	155	82	92	400	254	159	69	178	194	425	189	156	396	199	241	107	187	96	176	282	157	134	37	91	161	210	695	61	322	179	160	209	184	102	170	226	109	222	412	105	218	70	231	138	235	133	164	239	59	115	103	244	334	136	220	152	151	118	222	147	118	138	105	128	180	198	156
A[T>C]G	235	318	671	349	239	552	269	219	548	369	443	161	726	457	107	476	590	228	572	427	598	320	624	128	752	592	210	258	407	101	457	265	249	637	674	365	148	467	407	949	453	250	1022	480	540	456	768	430	466	900	420	285	124	328	621	893	748	113	950	473	634	587	250	399	332	576	336	415	614	208	532	219	600	245	616	412	347	607	283	386	452	613	467	306	1090	464	659	515	570	387	240	270	253	342	562	419	325
A[T>C]T	166	352	692	406	406	456	328	254	536	274	395	181	832	325	99	394	517	238	501	490	672	351	881	161	449	470	266	237	385	136	330	172	369	596	509	258	196	452	504	985	416	347	932	526	708	437	590	248	347	726	344	300	106	425	681	740	1078	161	744	451	456	541	230	238	359	525	333	481	854	216	509	214	906	345	558	394	384	869	244	359	274	600	528	181	1099	411	306	429	226	339	318	277	229	256	587	555	550
A[T>G]A	22	84	50	18	19	88	19	30	29	92	48	12	75	76	22	57	35	15	32	28	70	13	49	13	50	32	37	53	46	9	27	56	23	41	41	45	34	138	61	69	45	40	64	26	84	37	67	43	39	130	55	19	9	33	60	66	71	22	40	20	42	61	36	37	33	55	21	77	48	13	45	25	32	48	90	24	13	155	22	35	31	44	70	28	60	54	21	58	11	16	30	16	35	23	41	33	33
A[T>G]C	16	35	56	23	17	76	13	24	19	33	23	5	28	39	11	34	18	4	18	11	53	4	13	11	24	32	25	28	8	11	11	34	20	19	20	29	22	112	32	28	27	14	50	26	23	35	34	11	13	103	23	11	8	33	19	57	29	24	32	19	26	29	19	24	23	30	26	51	26	18	41	29	20	28	25	27	16	111	13	28	28	11	73	13	85	21	15	19	18	15	21	11	16	12	35	31	44
A[T>G]G	36	80	93	64	31	122	19	56	56	71	70	18	112	71	30	69	66	19	79	22	140	13	52	15	121	89	34	74	57	30	30	67	40	37	69	75	34	157	78	97	73	50	102	40	102	101	89	63	106	158	69	27	29	60	71	133	112	30	68	73	77	67	75	82	72	53	77	83	53	27	62	46	102	76	84	52	39	168	50	62	86	40	63	34	121	93	20	72	32	29	33	45	29	29	78	170	65
A[T>G]T	30	141	46	27	35	221	30	16	43	58	99	15	68	88	52	48	58	18	48	24	62	9	43	28	54	51	35	71	43	20	21	106	40	50	38	58	20	224	66	52	70	45	50	29	107	43	65	137	41	233	54	15	16	54	58	134	64	13	56	20	67	39	57	37	39	44	20	92	41	30	33	22	95	58	28	39	41	216	31	53	77	39	141	30	105	47	27	61	16	17	41	24	52	30	60	42	85
C[C>A]A	299	548	136	66	230	162	45	36	91	120	189	254	254	194	142	58	47	86	145	45	106	19	75	22	127	78	198	166	48	83	265	169	52	65	80	157	93	227	389	99	47	261	66	68	472	515	76	106	160	341	411	414	330	193	101	221	261	311	120	149	191	90	38	79	193	241	114	381	79	36	162	94	83	89	158	109	59	310	31	58	62	503	196	205	178	80	60	120	59	43	133	109	249	89	128	135	110
C[C>A]C	380	372	103	41	183	123	36	33	35	116	316	167	186	169	134	70	64	34	91	43	107	18	62	23	139	65	240	66	74	44	141	157	39	70	64	147	51	278	349	78	52	163	107	41	394	324	82	89	198	234	437	331	294	154	61	199	296	375	77	88	111	47	88	36	130	210	81	294	51	38	130	63	122	36	106	69	86	273	31	45	34	524	127	215	140	78	36	57	40	30	99	91	120	63	127	97	96
C[C>A]G	73	163	33	28	68	49	13	14	39	35	89	25	99	39	43	25	25	31	51	19	44	10	21	8	45	32	79	18	41	26	78	50	40	29	37	32	18	56	139	40	54	63	52	32	235	118	30	39	38	86	141	111	136	49	25	68	52	86	39	47	40	41	36	32	39	77	42	65	53	23	76	43	33	28	66	51	26	48	11	54	36	237	34	67	53	32	16	30	14	22	47	30	78	18	59	37	35
C[C>A]T	350	363	79	40	146	180	34	77	65	131	277	140	269	146	107	80	56	49	117	27	77	22	29	22	98	37	196	93	71	57	269	200	38	54	62	225	118	298	369	48	103	123	86	48	436	323	75	118	152	225	338	327	471	195	42	165	456	271	60	157	151	62	66	88	130	222	135	440	77	37	224	87	66	78	127	129	89	217	62	70	54	575	76	213	113	83	40	90	24	35	79	106	196	64	80	63	74
C[C>G]A	90	113	92	82	37	142	26	42	62	70	57	27	115	74	47	61	64	16	58	50	104	10	30	25	116	70	67	88	49	24	44	77	34	42	45	56	24	195	139	58	87	53	92	51	104	74	62	59	73	116	105	46	68	59	61	179	98	47	73	68	115	77	70	34	54	97	50	76	84	40	48	32	57	102	84	51	35	167	42	55	66	100	74	59	107	54	26	43	28	48	32	15	65	33	73	70	92
C[C>G]C	75	144	132	53	50	143	27	56	100	109	92	25	166	123	36	57	70	31	72	41	138	17	37	39	93	85	76	97	48	23	53	93	66	51	49	76	38	202	112	69	87	94	96	83	168	134	63	62	86	184	115	50	74	80	73	204	115	52	75	95	113	72	121	80	98	90	112	104	110	54	98	65	171	86	107	49	49	286	61	57	102	110	97	72	263	128	50	49	40	59	56	38	49	53	108	61	84
C[C>G]G	13	44	24	14	16	14	4	12	20	23	45	10	62	20	8	21	14	7	12	17	29	6	11	4	32	39	28	18	24	7	14	16	31	17	8	18	8	46	41	21	19	20	40	18	38	26	39	16	19	27	39	25	18	11	25	53	32	19	21	25	37	16	29	32	29	43	21	35	20	17	34	29	28	21	20	11	17	47	7	37	21	35	23	11	29	22	9	9	6	9	16	7	10	9	23	11	53
C[C>G]T	74	215	118	93	54	146	45	54	93	94	105	37	189	95	34	76	88	15	107	46	207	16	88	53	88	70	122	114	76	25	51	104	48	55	63	109	42	181	131	105	65	87	172	64	217	192	116	52	159	220	156	70	55	92	101	365	191	67	117	103	95	85	108	50	99	121	91	141	99	36	110	52	115	127	122	63	68	179	68	88	83	107	119	61	259	46	35	64	47	36	64	73	42	43	88	91	89
C[C>T]A	81	275	322	164	100	306	86	115	235	175	261	57	494	183	57	168	151	73	188	89	240	50	155	218	249	168	308	180	161	45	123	171	138	157	110	167	201	490	302	119	190	153	237	127	224	232	190	128	145	356	210	145	133	598	150	415	161	107	223	134	251	148	159	119	265	227	154	325	257	123	198	149	440	178	199	177	128	417	83	211	219	176	199	104	349	192	112	127	69	106	133	86	130	87	145	236	280
C[C>T]C	119	263	284	157	70	199	78	123	209	148	217	63	286	151	68	232	115	43	137	80	225	36	150	240	148	107	289	242	142	61	77	125	97	105	118	546	646	386	274	137	181	107	154	88	286	216	181	109	355	248	214	99	165	640	150	421	574	84	191	243	180	136	235	114	160	163	230	219	133	91	143	84	376	76	178	127	174	308	136	251	167	179	159	123	242	162	55	79	42	67	106	71	92	48	177	152	231
C[C>T]G	126	137	205	138	119	163	89	161	160	221	167	68	246	144	89	182	94	109	233	63	205	39	95	77	168	238	179	97	71	31	127	106	139	104	111	191	95	123	228	167	188	143	239	149	256	350	250	153	144	211	243	81	84	310	112	307	171	90	218	197	222	178	132	93	150	234	122	76	184	64	170	110	262	207	207	141	174	176	116	164	181	121	119	135	321	253	72	170	74	86	101	76	33	90	275	183	228
C[C>T]T	194	223	260	183	111	318	88	219	269	351	261	86	455	184	78	221	160	79	189	153	354	60	111	113	261	229	562	189	164	51	98	166	98	121	124	348	530	447	306	188	223	111	311	138	346	373	355	259	176	446	278	139	195	1433	154	542	460	159	246	182	203	227	189	136	257	232	151	295	265	109	160	207	602	234	233	132	220	659	145	235	181	180	231	119	369	290	107	279	78	147	178	101	112	66	289	254	250
C[T>A]A	44	109	22	28	45	26	14	23	29	31	65	31	47	42	12	32	17	6	36	20	67	15	12	11	57	36	55	28	16	11	36	17	19	30	13	139	57	21	109	35	25	22	28	40	123	93	36	31	1745	75	109	58	72	43	36	105	286	45	53	21	32	40	37	23	37	73	28	71	38	16	33	39	33	45	31	28	19	55	30	32	24	93	36	35	65	65	26	27	12	11	35	13	49	13	36	551	29
C[T>A]C	49	117	101	25	43	79	35	33	44	40	68	50	102	67	22	53	93	19	78	39	100	24	45	38	87	53	48	63	61	19	53	45	43	59	45	172	83	152	104	84	63	74	118	36	126	109	67	42	695	127	101	79	79	57	35	112	221	69	63	67	42	58	50	61	65	96	32	110	71	32	37	34	55	67	61	50	30	171	22	64	62	182	115	54	105	66	44	69	44	48	28	14	65	24	71	242	59
C[T>A]G	92	216	60	42	101	51	29	51	32	78	146	68	104	46	19	35	46	8	40	23	83	8	36	17	56	30	72	48	42	5	43	40	20	50	35	149	74	59	177	57	45	26	47	43	304	196	58	50	1624	96	196	105	183	20	38	106	384	90	50	64	55	58	45	33	71	103	37	145	66	23	40	20	68	34	53	42	38	94	37	61	79	228	38	67	89	40	36	55	32	35	41	21	50	22	60	697	79
C[T>A]T	65	139	68	33	46	87	32	23	41	26	81	40	100	60	23	46	26	9	43	41	52	18	41	31	53	34	40	63	39	12	52	63	35	29	42	188	79	175	126	50	35	37	43	28	82	59	73	36	537	107	90	78	90	30	41	115	205	85	46	38	44	52	38	32	46	48	50	85	57	14	46	30	76	62	65	41	23	203	13	30	42	87	73	49	77	38	24	22	15	22	44	19	48	19	59	271	53
C[T>C]A	126	149	282	46	48	312	135	127	218	185	286	110	178	259	40	118	418	98	182	180	287	177	225	30	192	329	54	154	244	28	224	136	208	272	240	199	80	239	247	344	85	139	343	230	293	144	247	125	199	314	219	142	81	77	287	283	567	72	389	157	113	187	234	134	130	239	97	204	433	83	239	95	221	169	416	112	189	334	61	87	153	282	285	113	169	225	181	86	124	164	55	114	160	182	228	241	142
C[T>C]C	70	110	247	98	29	185	205	100	147	123	128	106	224	245	47	180	410	109	237	131	216	157	330	55	197	313	93	70	164	31	253	114	143	314	182	220	70	192	148	477	119	280	244	261	228	146	165	122	110	259	176	210	54	77	150	331	634	56	359	172	138	203	120	131	144	214	69	227	383	78	324	69	238	108	332	117	115	159	54	117	109	337	342	136	179	209	264	56	182	188	79	108	106	214	218	226	76
C[T>C]G	101	197	349	116	79	301	138	176	367	165	323	113	471	295	42	282	373	106	198	152	236	118	287	96	255	239	155	138	264	75	257	116	327	494	218	251	112	237	192	364	194	170	384	265	404	255	182	105	226	330	313	178	74	137	212	465	630	83	333	204	247	320	241	112	190	297	167	261	417	84	250	70	342	234	344	152	156	273	131	230	149	325	280	134	368	245	263	124	218	134	137	176	94	245	229	384	230
C[T>C]T	67	151	337	145	88	180	142	90	250	250	266	84	208	241	38	202	361	90	306	172	351	183	278	99	304	229	84	112	233	39	236	158	251	350	196	242	85	258	140	297	267	175	426	276	277	170	216	125	125	375	205	167	72	105	251	204	776	83	345	143	141	203	161	194	185	218	107	258	321	95	324	108	281	210	300	125	190	269	92	191	114	279	307	122	265	166	273	127	216	114	131	112	169	166	277	247	124
C[T>G]A	34	33	48	13	16	45	19	21	22	15	31	9	22	37	21	27	32	11	24	21	47	5	16	11	25	38	26	24	25	4	27	17	31	23	21	20	21	65	34	29	41	20	50	27	37	31	20	26	81	62	38	11	14	27	25	52	65	9	15	16	39	26	26	38	28	25	21	36	35	5	23	14	25	26	25	18	18	64	9	26	22	25	33	10	51	28	15	37	13	12	11	15	18	11	27	64	20
C[T>G]C	21	40	60	36	13	83	27	39	40	45	44	17	66	43	36	48	41	13	64	19	63	14	46	13	31	58	27	61	45	11	18	43	26	26	26	50	21	94	30	44	55	38	82	39	86	36	53	73	65	100	40	19	13	42	37	118	49	16	23	59	74	30	47	38	44	52	24	59	64	22	18	47	70	35	48	45	13	96	49	32	28	25	58	20	100	34	35	42	17	39	29	17	19	12	45	41	67
C[T>G]G	37	79	72	48	23	84	27	22	38	78	87	21	101	38	28	51	62	12	46	33	70	17	48	20	35	61	36	71	34	19	34	65	53	29	17	64	33	122	103	47	67	56	52	37	76	58	97	58	108	98	84	38	34	62	26	123	56	21	62	47	63	61	46	39	45	61	58	90	73	37	41	36	91	64	65	36	41	117	28	80	86	50	68	20	123	66	25	63	17	64	13	28	34	18	71	84	68
C[T>G]T	24	71	119	67	28	138	10	55	39	70	74	11	144	78	53	63	63	26	59	28	62	7	55	38	44	56	51	135	49	15	46	99	44	48	34	62	20	224	69	32	80	39	79	46	281	58	107	940	67	158	77	41	29	38	58	118	77	25	82	58	80	34	71	42	75	95	61	91	155	25	48	60	152	54	67	72	39	205	30	44	94	43	114	35	123	65	30	55	28	39	65	18	29	28	48	76	85
G[C>A]A	272	217	182	74	84	172	38	65	76	192	145	72	333	188	222	86	58	112	208	52	98	25	60	40	97	83	165	106	49	97	578	229	101	80	72	111	61	204	161	163	70	220	134	71	287	217	146	156	297	355	218	268	242	467	121	247	225	317	103	240	233	128	93	100	113	155	196	243	101	49	328	151	118	90	359	219	120	388	42	79	73	199	128	160	260	94	58	139	46	88	158	107	128	150	203	117	119
G[C>A]C	319	152	137	66	102	84	29	36	63	192	154	88	273	211	197	72	39	64	162	43	100	13	23	18	79	71	131	71	46	59	216	232	46	50	39	140	50	136	248	75	83	147	133	78	178	269	78	147	161	188	263	255	308	250	69	165	404	240	74	215	219	54	91	45	93	139	121	264	84	56	318	122	94	46	197	164	76	251	33	49	72	278	119	251	169	62	30	182	27	35	182	111	144	113	161	82	139
G[C>A]G	84	122	27	24	44	33	13	15	15	28	48	41	84	44	40	32	35	13	45	11	31	8	14	10	38	27	63	26	14	32	99	46	20	9	16	29	15	49	95	22	21	55	39	12	109	81	29	30	61	70	103	78	136	85	14	46	62	121	10	45	53	12	9	22	38	53	42	82	20	8	113	32	30	24	68	49	17	63	15	15	11	73	26	53	42	19	11	44	6	10	48	31	30	22	50	27	26
G[C>A]T	236	259	97	54	53	121	25	28	40	120	125	52	267	161	156	48	29	30	104	35	118	11	31	33	74	49	120	104	32	79	204	220	30	34	55	88	53	140	147	71	137	191	88	60	234	137	97	109	177	273	105	175	263	235	49	191	211	190	40	161	176	45	39	48	42	112	176	144	41	43	301	114	77	67	183	140	69	229	34	62	41	247	88	135	169	71	24	116	38	55	189	157	104	99	147	59	52
G[C>G]A	44	81	106	37	26	66	22	33	48	52	54	20	68	46	24	33	25	14	22	22	45	21	22	21	71	36	43	31	52	13	45	42	26	33	22	53	20	60	82	42	38	33	44	25	62	61	51	31	67	101	51	46	48	58	37	92	67	37	63	42	49	42	40	28	42	43	20	66	33	21	46	36	66	47	63	37	55	83	24	52	33	37	54	16	90	54	28	34	14	23	22	24	35	24	37	45	46
G[C>G]C	44	85	94	48	35	58	15	29	64	66	56	28	64	64	20	36	33	11	31	30	79	9	26	15	48	56	45	46	37	9	33	55	50	42	26	114	28	101	86	67	36	33	71	24	67	82	50	42	59	119	77	30	36	42	38	129	125	35	52	44	56	44	55	29	27	97	44	86	52	28	65	31	62	55	65	26	29	109	30	37	32	68	35	37	131	101	20	23	29	35	26	19	29	19	44	53	48
G[C>G]G	19	36	12	7	9	19	7	6	9	17	20	6	17	20	2	15	7	11	13	9	24	6	7	7	17	13	15	11	9	1	10	14	9	14	6	17	11	33	19	17	16	2	13	7	42	39	10	10	19	27	20	21	13	9	21	49	14	11	10	14	21	15	20	9	16	18	22	23	14	6	13	10	16	22	14	10	11	23	10	11	17	25	9	19	32	20	11	10	8	4	5	5	16	7	12	11	16
G[C>G]T	55	96	103	52	29	71	23	36	41	77	119	14	149	58	32	75	46	16	40	29	78	10	69	24	71	66	47	60	37	7	26	72	38	35	41	79	44	151	76	65	86	49	80	52	98	117	77	55	57	133	62	36	39	62	38	108	107	41	63	33	66	53	53	57	69	119	51	91	94	15	58	47	75	52	115	34	26	144	22	49	43	57	49	24	114	91	38	58	24	42	49	30	43	15	68	51	52
G[C>T]A	131	169	287	200	105	205	76	177	225	136	265	91	403	213	63	127	180	67	178	89	311	52	113	169	179	173	256	188	136	53	119	145	145	166	84	192	77	220	326	217	133	89	235	123	200	251	180	246	281	420	181	89	107	332	210	340	397	77	160	154	303	172	205	174	133	203	158	247	270	99	173	100	351	165	229	136	123	351	125	151	225	157	156	93	506	127	113	224	85	95	118	73	76	73	222	184	273
G[C>T]C	161	241	296	189	82	241	82	95	179	202	191	69	421	150	52	173	192	50	271	151	325	27	56	123	236	213	190	170	121	62	192	138	170	109	115	273	167	338	259	153	279	109	243	150	203	275	246	226	213	354	234	87	127	328	124	526	317	155	273	105	222	180	248	136	150	256	127	199	208	162	247	91	305	192	318	220	148	349	110	222	246	190	150	95	461	222	115	160	115	85	155	81	49	74	201	235	239
G[C>T]G	99	106	167	90	44	180	61	129	126	142	102	80	290	68	53	181	90	122	198	80	179	16	91	37	194	76	86	58	82	44	93	79	112	93	93	131	132	96	147	99	109	118	215	91	191	179	186	133	125	133	113	78	55	209	77	243	161	83	118	75	156	65	101	84	70	163	157	84	167	52	215	121	163	181	169	178	243	155	87	123	84	66	69	140	286	74	40	121	56	46	147	95	40	118	319	142	141
G[C>T]T	134	155	273	160	80	192	63	134	136	250	218	83	355	283	65	229	90	49	186	110	251	36	84	90	151	167	245	111	177	40	110	158	106	117	73	173	71	312	230	163	171	141	232	217	278	166	151	110	171	361	213	48	88	446	189	285	198	73	171	144	263	142	112	135	150	142	163	177	155	74	187	136	374	215	203	106	136	312	135	236	145	131	120	48	239	122	73	159	79	74	124	68	87	80	170	178	113
G[T>A]A	36	56	38	15	27	43	19	17	35	45	73	18	75	22	15	40	20	10	20	22	67	8	23	18	50	36	38	21	39	6	31	44	33	30	36	36	19	44	103	41	45	19	36	32	83	85	51	20	390	78	91	51	59	35	38	99	40	63	25	40	42	28	33	44	43	40	25	67	53	21	50	20	44	41	28	10	15	45	15	29	40	96	31	35	96	33	14	41	14	16	32	24	30	13	43	262	54
G[T>A]C	30	67	37	28	16	48	17	18	29	34	57	20	49	40	14	36	30	8	20	26	43	16	20	13	34	28	12	31	26	9	23	46	22	34	21	36	16	55	37	36	19	23	38	26	48	72	34	20	159	78	54	33	42	13	14	48	59	18	35	31	40	22	25	26	37	50	23	53	45	9	20	22	32	27	33	22	33	44	9	30	17	47	33	17	68	41	16	18	11	15	15	18	26	11	30	102	31
G[T>A]G	52	103	47	18	51	66	30	51	39	45	74	41	72	49	20	39	32	17	46	31	76	15	36	33	67	62	63	49	30	17	52	63	29	30	50	68	49	84	121	40	34	41	49	40	109	121	50	24	273	84	74	50	73	42	51	84	96	55	60	31	52	24	27	31	47	65	42	81	70	33	60	26	72	39	49	39	34	106	20	22	33	81	29	37	82	47	35	28	10	22	19	19	38	25	42	246	37
G[T>A]T	39	74	48	11	25	65	21	25	23	22	39	23	37	42	12	39	24	12	28	16	54	5	26	9	49	25	34	43	31	7	12	51	25	19	32	26	15	77	58	29	28	34	44	23	63	58	18	24	108	110	53	39	33	26	42	71	37	29	40	43	59	28	22	30	26	25	23	81	23	15	31	24	28	50	25	25	12	65	10	23	36	45	54	35	56	35	15	37	19	22	20	20	27	23	38	68	50
G[T>C]A	112	145	307	100	58	202	290	124	196	193	202	104	230	258	32	258	441	170	221	218	264	269	436	72	329	430	81	101	252	34	350	113	239	597	409	338	116	218	197	488	172	244	499	353	272	198	236	87	165	323	264	187	59	105	305	266	934	49	665	211	156	375	159	146	249	312	139	239	650	100	347	79	438	153	409	139	197	212	86	176	166	322	298	129	335	214	356	123	190	308	139	153	157	170	243	297	120
G[T>C]C	40	70	181	105	24	136	129	59	140	82	109	50	207	144	23	110	159	53	148	91	78	72	178	38	101	208	56	43	168	28	177	59	143	254	136	179	53	105	91	208	113	106	226	138	146	54	125	52	96	176	115	95	41	50	134	197	422	33	262	108	89	172	123	102	89	132	93	159	237	55	158	44	203	89	204	94	87	127	34	64	92	156	148	54	140	96	131	82	77	115	65	115	78	87	153	246	117
G[T>C]G	100	109	228	135	51	161	122	95	266	195	182	127	255	233	48	140	416	163	205	130	177	186	243	48	158	215	113	101	241	50	212	96	140	308	301	265	75	182	151	335	236	183	294	315	241	113	212	115	189	271	189	153	84	118	200	258	491	57	395	165	135	236	201	142	159	223	106	222	375	95	200	72	332	221	336	154	159	239	59	149	159	267	276	97	301	178	284	69	221	177	92	149	153	145	276	254	134
G[T>C]T	75	159	256	105	38	214	134	109	203	133	125	71	191	240	30	194	272	89	219	121	186	141	322	26	218	228	84	94	217	46	218	78	252	263	166	198	81	164	137	252	130	150	437	183	264	89	162	75	121	241	237	193	55	94	175	388	651	55	379	199	138	275	159	137	214	206	113	178	272	87	273	79	213	209	242	199	130	237	83	72	101	366	300	126	256	194	158	91	152	134	97	117	112	187	303	238	110
G[T>G]A	14	31	31	37	9	42	19	22	18	24	14	8	37	32	7	33	27	8	12	14	22	3	27	10	31	26	20	16	24	8	8	14	19	16	8	29	9	53	28	21	26	13	20	16	45	27	31	23	41	36	20	10	9	21	22	49	31	18	23	17	50	18	25	17	15	38	21	31	23	7	12	16	31	19	29	17	20	51	13	10	35	17	23	7	52	27	7	28	13	8	13	5	10	8	18	15	23
G[T>G]C	11	27	19	12	12	17	7	17	23	15	24	3	40	17	8	16	16	4	16	7	12	3	7	5	24	21	9	19	11	2	15	18	13	16	18	20	12	44	27	18	22	15	32	12	19	20	26	22	21	34	34	4	7	9	17	57	60	6	11	9	11	19	15	20	9	16	17	17	21	9	8	12	26	31	14	11	11	51	10	14	16	7	23	6	21	18	12	15	6	8	17	9	8	3	13	24	27
G[T>G]G	40	71	55	31	18	58	20	32	53	56	72	19	112	38	11	53	32	25	34	14	88	8	26	29	77	40	57	23	60	16	27	50	32	40	42	49	20	100	63	54	63	36	58	48	73	66	69	55	70	68	69	32	22	45	43	76	69	28	41	46	51	43	42	28	37	55	45	45	28	13	31	27	62	37	51	34	36	109	38	56	49	67	48	29	127	78	30	47	12	23	44	23	17	17	73	64	49
G[T>G]T	13	36	44	13	7	42	6	2	36	29	22	3	70	44	22	17	14	8	10	13	41	8	15	9	22	24	18	24	12	11	16	22	12	2	17	31	20	117	33	22	20	20	26	30	93	24	33	108	32	45	17	7	16	24	22	69	27	8	16	15	8	30	27	19	21	20	13	23	35	11	35	13	58	17	34	26	15	97	10	29	19	12	44	13	69	25	7	15	5	9	7	12	13	17	22	25	21
T[C>A]A	161	537	117	72	119	213	44	77	84	139	192	94	252	174	133	84	87	46	100	69	80	26	41	23	103	75	101	108	84	39	177	290	44	71	62	88	41	310	117	76	75	174	123	37	307	247	67	105	177	312	331	234	237	146	87	255	160	247	96	153	165	78	31	69	119	182	95	341	90	24	155	86	74	89	203	126	47	462	52	61	108	289	145	148	165	85	43	115	46	56	141	69	194	72	121	111	89
T[C>A]C	244	422	147	58	148	177	41	70	83	149	281	76	250	169	98	115	77	49	135	78	126	27	64	29	176	78	167	107	91	35	127	137	63	94	63	183	96	270	267	134	97	146	162	72	343	294	162	85	194	277	223	177	361	214	99	192	267	172	94	110	120	93	112	90	113	175	127	294	119	39	179	87	138	120	158	107	78	331	79	59	98	266	139	168	242	114	31	139	53	51	92	50	154	65	115	131	136
T[C>A]G	96	64	35	10	29	41	7	22	14	25	57	17	84	46	37	15	9	27	48	16	28	4	25	4	28	21	34	35	16	19	50	45	14	10	23	16	10	37	64	24	18	46	34	15	112	51	31	52	59	67	67	62	85	91	12	40	31	55	23	54	70	14	14	20	27	38	61	68	18	11	89	19	38	26	48	26	23	77	16	17	13	68	14	47	52	22	12	40	11	8	53	28	33	18	71	34	26
T[C>A]T	325	360	183	124	125	269	54	73	98	202	167	148	226	193	145	118	79	77	141	68	166	43	98	42	126	169	134	115	107	54	173	229	97	65	73	175	71	352	303	119	150	137	179	94	291	318	150	138	151	404	356	223	406	265	120	422	228	190	134	177	157	155	106	99	134	203	115	338	124	95	202	66	190	178	114	132	140	464	91	65	157	257	210	155	211	87	42	157	32	81	159	102	166	96	264	117	83
T[C>G]A	59	140	120	81	35	140	37	38	53	136	81	16	87	105	45	68	59	18	80	37	94	10	65	28	91	74	50	111	86	27	34	79	49	32	51	85	35	144	109	59	70	38	103	37	104	71	116	44	82	181	82	36	44	64	27	173	102	38	80	60	77	65	79	64	64	71	58	145	81	30	51	65	91	62	86	80	26	228	41	63	36	64	93	48	219	41	32	54	22	35	38	41	40	34	81	79	98
T[C>G]C	71	168	115	53	24	146	31	35	37	120	113	45	78	96	46	89	50	20	115	36	103	26	69	36	90	78	51	65	56	26	58	83	43	41	29	83	41	186	139	80	104	76	81	40	144	101	97	67	92	176	70	34	81	74	73	145	86	45	68	108	46	114	79	43	78	75	72	219	91	31	88	65	124	79	78	32	69	259	51	78	76	100	128	60	157	59	35	75	33	55	61	44	70	30	63	108	68
T[C>G]G	24	29	21	11	8	35	3	16	15	17	22	9	25	16	5	16	7	5	8	6	31	2	13	9	9	21	18	11	5	9	9	17	16	16	5	13	16	34	37	10	16	21	28	12	36	21	29	10	13	23	32	18	18	17	13	40	15	15	19	22	15	13	21	18	16	23	17	19	8	6	19	11	33	13	20	3	3	36	16	8	24	19	22	4	48	17	6	6	9	15	20	11	9	12	27	21	15
T[C>G]T	101	159	134	90	106	311	70	87	170	99	126	33	274	161	84	112	162	38	102	89	215	38	103	46	121	79	70	176	95	46	83	161	78	80	77	136	62	493	188	149	133	82	210	100	186	118	130	116	107	415	128	82	57	85	156	209	225	66	137	133	137	111	142	70	152	156	82	190	135	41	111	112	184	169	174	132	54	419	73	127	185	83	161	85	281	108	75	105	53	67	80	52	95	45	125	108	124
T[C>T]A	123	235	375	174	76	399	106	122	131	221	232	57	369	327	104	230	224	86	166	106	253	35	150	202	260	217	255	190	161	60	120	205	241	133	120	180	133	549	318	197	172	184	282	124	248	178	205	189	165	450	168	129	97	343	148	418	342	81	258	227	225	210	134	137	115	228	202	245	285	141	164	124	258	177	293	174	146	544	155	283	178	159	255	125	599	167	127	178	122	125	143	105	93	94	160	261	344
T[C>T]C	134	236	272	155	89	332	73	125	287	212	264	50	328	247	108	254	232	65	184	88	208	42	228	261	216	167	206	196	180	91	113	135	185	178	138	357	151	469	340	188	191	95	348	210	418	258	247	165	285	339	239	94	111	298	178	583	235	107	245	251	229	269	141	224	197	253	169	261	258	122	158	154	356	214	200	168	166	338	183	298	181	161	190	62	297	223	96	135	119	166	198	77	89	115	253	309	306
T[C>T]G	80	79	200	127	47	189	55	123	102	194	313	48	417	79	66	131	146	98	198	84	172	24	117	62	151	109	145	62	95	48	108	122	141	108	88	126	155	123	218	113	163	81	254	118	215	136	296	171	247	166	202	82	54	161	107	447	200	51	139	102	245	110	200	185	95	209	142	109	173	83	164	151	164	168	184	153	160	191	105	189	133	100	90	108	233	118	31	152	54	138	94	89	32	74	241	180	152
T[C>T]T	128	271	222	131	126	259	85	100	216	217	342	73	481	232	125	286	237	73	191	89	346	54	173	214	241	267	202	329	169	44	145	225	86	189	131	219	168	530	307	237	286	160	352	119	302	302	232	122	155	421	213	100	91	513	162	384	266	87	302	153	235	223	217	119	227	226	172	247	217	145	201	103	387	129	191	92	179	567	139	216	195	214	223	109	472	247	137	163	86	165	115	90	120	81	188	279	390
T[T>A]A	85	104	67	38	83	100	31	49	49	62	105	33	73	60	31	52	58	32	87	47	96	29	80	18	124	53	48	60	66	14	49	49	16	98	77	94	48	132	77	114	64	52	124	53	103	122	101	60	632	154	106	59	59	80	74	159	80	59	80	47	86	82	59	44	73	67	59	116	94	38	57	33	102	53	54	48	57	169	36	58	71	91	91	52	144	45	33	70	33	30	52	25	49	21	117	249	53
T[T>A]C	41	85	86	43	34	68	23	33	48	49	78	22	60	57	18	81	61	17	65	20	33	24	47	18	64	68	28	60	42	9	49	58	38	65	65	63	46	146	65	66	84	72	58	60	95	62	53	20	325	96	66	43	27	32	44	139	90	32	40	49	43	50	55	31	65	54	35	120	56	23	51	24	78	40	63	36	39	133	21	35	49	99	102	29	85	52	45	26	25	31	28	34	38	40	53	203	52
T[T>A]G	59	76	78	35	49	88	21	34	39	59	86	26	107	55	19	36	28	20	58	27	56	14	38	12	71	65	42	41	34	14	36	39	38	30	36	54	18	103	82	59	43	43	74	25	127	91	58	37	872	86	113	56	83	43	49	115	86	45	84	46	58	32	30	38	48	75	36	72	76	32	45	48	66	64	40	48	22	123	29	39	46	84	71	30	119	61	34	13	16	14	45	40	45	18	53	376	52
T[T>A]T	53	231	180	83	47	214	34	45	78	114	162	41	225	143	78	85	97	30	70	43	145	27	88	43	92	87	66	148	93	14	57	136	74	122	58	120	66	343	161	68	74	77	108	75	138	112	103	75	375	204	83	61	63	78	112	190	114	44	72	67	81	53	72	65	72	115	59	183	80	54	94	17	142	69	89	68	55	250	40	54	49	100	162	64	220	55	44	53	36	67	71	51	68	51	77	225	112
T[T>C]A	102	186	355	225	108	245	366	153	299	240	223	141	472	383	32	188	723	147	285	309	240	271	372	37	425	391	89	115	483	60	464	156	375	726	407	272	99	308	250	678	253	315	573	316	320	118	207	181	137	367	232	330	88	141	346	286	1358	124	466	299	309	338	185	179	268	230	139	309	634	187	425	120	403	284	550	244	308	299	123	140	179	630	405	191	471	165	498	213	303	237	134	199	190	332	354	492	249
T[T>C]C	43	102	384	65	24	171	122	78	162	146	149	138	138	210	19	147	321	117	120	170	57	185	213	21	237	219	82	76	217	42	195	88	112	323	242	159	51	116	106	264	89	197	248	234	179	101	177	43	79	239	150	156	50	56	186	155	567	33	380	94	83	232	120	97	196	128	95	193	344	73	198	51	267	81	222	115	141	140	60	75	80	324	325	127	156	133	232	78	175	101	49	133	97	168	201	201	212
T[T>C]G	62	105	208	82	67	228	181	69	208	131	165	111	250	150	39	262	329	66	197	146	179	124	493	38	250	174	52	92	234	25	195	81	176	314	292	157	98	157	213	405	106	119	324	278	271	130	220	93	105	296	212	177	45	98	183	123	493	69	427	167	136	208	160	83	150	197	105	210	279	95	183	111	261	159	234	101	129	291	53	138	61	313	214	102	326	182	210	99	136	113	186	92	189	181	253	216	137
T[T>C]T	79	187	414	124	105	275	188	162	300	145	191	125	237	296	49	250	454	186	301	198	320	131	439	48	301	468	82	118	248	55	243	160	331	482	271	262	125	281	187	439	288	194	456	289	373	99	262	96	269	451	215	210	93	114	267	321	769	78	372	210	191	259	241	238	256	256	123	271	513	141	298	89	502	204	483	208	147	284	128	148	193	393	333	146	381	195	335	164	243	183	71	336	191	199	291	320	281
T[T>G]A	16	87	65	65	29	78	22	36	60	58	40	17	86	47	39	47	42	11	26	29	61	22	48	25	48	69	30	58	56	18	44	59	40	59	32	77	48	125	77	37	32	38	76	37	63	60	63	26	111	126	49	20	17	31	72	101	93	22	55	28	47	57	34	33	52	70	52	81	48	14	47	24	73	59	71	37	35	188	49	37	45	40	55	33	153	37	48	49	16	28	30	33	19	30	56	64	76
T[T>G]C	27	97	60	52	37	132	24	51	91	60	56	12	85	88	25	49	77	7	54	40	94	15	33	17	42	46	38	88	58	15	34	77	61	57	32	48	42	228	73	78	85	39	96	30	71	67	84	93	73	142	79	27	21	59	75	233	84	31	77	44	78	30	70	42	61	65	49	88	80	15	44	44	86	53	71	38	42	257	35	63	100	41	111	25	112	57	18	59	29	22	56	33	64	33	61	103	84
T[T>G]G	28	92	160	91	33	98	13	38	66	45	61	16	114	82	21	74	34	23	54	35	148	9	40	21	57	45	70	71	56	27	45	71	40	42	48	88	63	158	66	55	91	46	95	50	103	89	105	87	126	225	67	34	33	68	50	167	90	49	89	56	69	78	80	48	58	60	71	116	80	35	40	48	97	59	65	71	30	164	29	101	58	46	113	26	98	85	51	47	25	40	40	32	47	32	50	125	56
T[T>G]T	83	173	195	133	67	297	48	101	105	110	135	32	264	151	102	85	144	36	99	98	224	31	87	42	149	105	115	186	91	45	81	162	132	108	105	146	113	496	162	136	135	118	301	98	207	214	182	251	111	354	157	99	79	74	134	199	145	34	139	119	137	135	59	112	125	152	106	196	152	74	111	105	150	153	181	84	54	522	89	139	95	101	159	53	365	140	38	107	72	74	84	50	43	41	135	125	75
