Mutation type,Trinucleotide,Ovary-AdenoCA::MSI-H.S.1
C>A,ACA,80.5704673581788
C>A,ACC,53.30099826306606
C>A,ACG,6.594918940515438
C>A,ACT,47.971300497473806
C>A,CCA,100.27188175896475
C>A,CCC,86.31694381025113
C>A,CCG,16.132533578395343
C>A,CCT,179.0165583383789
C>A,GCA,69.80947999804623
C>A,GCC,41.24218090630155
C>A,GCG,8.990645377020119
C>A,GCT,60.48220612836757
C>A,TCA,69.72764064474983
C>A,TCC,66.21758601816703
C>A,TCG,9.553716728097095
C>A,TCT,106.97405822689328
C>G,ACA,75.1673810595526
C>G,ACC,47.13044880578948
C>G,ACG,8.939349817289187
C>G,ACT,90.3520933047258
C>G,CCA,54.25960397440501
C>G,CCC,40.52428391176148
C>G,CCG,7.534708415448283
C>G,CCT,80.3717093719745
C>G,GCA,42.07039865189206
C>G,GCC,41.18839133140112
C>G,GCG,7.424836162661919
C>G,GCT,52.22803765608077
C>G,TCA,147.80739803853487
C>G,TCC,123.95279023566499
C>G,TCG,12.89535746472709
C>G,TCT,306.6556985810265
C>T,ACA,151.1041796895036
C>T,ACC,92.98477130168185
C>T,ACG,498.8802930708173
C>T,ACT,116.33629810498466
C>T,CCA,100.4436691008882
C>T,CCC,99.37460097579932
C>T,CCG,321.99342717467846
C>T,CCT,112.71190500752402
C>T,GCA,116.55836349773188
C>T,GCC,166.66412088267646
C>T,GCG,434.0531031323906
C>T,GCT,153.016631973443
C>T,TCA,226.58556457051145
C>T,TCC,122.25423481433207
C>T,TCG,198.2615083524592
C>T,TCT,164.13067229241113
T>A,ATA,75.55863446432659
T>A,ATC,99.85448352049417
T>A,ATG,46.17101575481159
T>A,ATT,409.36438945095426
T>A,CTA,49.77641537930452
T>A,CTC,76.1888273461415
T>A,CTG,61.73393242708481
T>A,CTT,80.51126759417133
T>A,GTA,39.25478666328038
T>A,GTC,46.458196466926914
T>A,GTG,40.54040550914703
T>A,GTT,61.33003844875691
T>A,TTA,437.2465325080917
T>A,TTC,112.95102452657115
T>A,TTG,63.74531746743906
T>A,TTT,314.3409663667758
T>C,ATA,1609.058440207583
T>C,ATC,510.2192930001052
T>C,ATG,1457.1463306709545
T>C,ATT,787.2150410187354
T>C,CTA,990.6182542480032
T>C,CTC,610.3468789851104
T>C,CTG,1444.5403677509994
T>C,CTT,1054.553880017226
T>C,GTA,1532.3793299208285
T>C,GTC,472.07492141228596
T>C,GTG,1304.215471933505
T>C,GTT,1019.4072993232326
T>C,TTA,1091.79235018287
T>C,TTC,711.0309402456442
T>C,TTG,652.8480954476213
T>C,TTT,1276.6181181684199
T>G,ATA,96.69088492521352
T>G,ATC,58.41133033091176
T>G,ATG,66.84045681284468
T>G,ATT,150.89362301525338
T>G,CTA,50.70711553190222
T>G,CTC,113.80404950649863
T>G,CTG,135.01308744765757
T>G,CTT,204.61962372791334
T>G,GTA,41.825131779879754
T>G,GTC,30.817643988340713
T>G,GTG,70.31080830189362
T>G,GTT,136.18186788739234
T>G,TTA,244.67117187178496
T>G,TTC,119.04938462997386
T>G,TTG,161.80850441903527
T>G,TTT,619.7147339317419
