MutationType	Kidney-RCC::S.1	Kidney-RCC::S.2	Kidney-RCC::S.3	Kidney-RCC::S.4	Kidney-RCC::S.5	Kidney-RCC::S.6	Kidney-RCC::S.7	Kidney-RCC::S.8	Kidney-RCC::S.9	Kidney-RCC::S.10	Kidney-RCC::S.11	Kidney-RCC::S.12	Kidney-RCC::S.13	Kidney-RCC::S.14	Kidney-RCC::S.15	Kidney-RCC::S.16	Kidney-RCC::S.17	Kidney-RCC::S.18	Kidney-RCC::S.19	Kidney-RCC::S.20	Kidney-RCC::S.21	Kidney-RCC::S.22	Kidney-RCC::S.23	Kidney-RCC::S.24	Kidney-RCC::S.25	Kidney-RCC::S.26	Kidney-RCC::S.27	Kidney-RCC::S.28	Kidney-RCC::S.29	Kidney-RCC::S.30	Kidney-RCC::S.31	Kidney-RCC::S.32	Kidney-RCC::S.33	Kidney-RCC::S.34	Kidney-RCC::S.35	Kidney-RCC::S.36	Kidney-RCC::S.37	Kidney-RCC::S.38	Kidney-RCC::S.39	Kidney-RCC::S.40	Kidney-RCC::S.41	Kidney-RCC::S.42	Kidney-RCC::S.43	Kidney-RCC::S.44	Kidney-RCC::S.45	Kidney-RCC::S.46	Kidney-RCC::S.47	Kidney-RCC::S.48	Kidney-RCC::S.49	Kidney-RCC::S.50	Kidney-RCC::S.51	Kidney-RCC::S.52	Kidney-RCC::S.53	Kidney-RCC::S.54	Kidney-RCC::S.55	Kidney-RCC::S.56	Kidney-RCC::S.57	Kidney-RCC::S.58	Kidney-RCC::S.59	Kidney-RCC::S.60	Kidney-RCC::S.61	Kidney-RCC::S.62	Kidney-RCC::S.63	Kidney-RCC::S.64	Kidney-RCC::S.65	Kidney-RCC::S.66	Kidney-RCC::S.67	Kidney-RCC::S.68	Kidney-RCC::S.69	Kidney-RCC::S.70	Kidney-RCC::S.71	Kidney-RCC::S.72	Kidney-RCC::S.73	Kidney-RCC::S.74	Kidney-RCC::S.75	Kidney-RCC::S.76	Kidney-RCC::S.77	Kidney-RCC::S.78	Kidney-RCC::S.79	Kidney-RCC::S.80	Kidney-RCC::S.81	Kidney-RCC::S.82	Kidney-RCC::S.83	Kidney-RCC::S.84	Kidney-RCC::S.85	Kidney-RCC::S.86	Kidney-RCC::S.87	Kidney-RCC::S.88	Kidney-RCC::S.89	Kidney-RCC::S.90	Kidney-RCC::S.91	Kidney-RCC::S.92	Kidney-RCC::S.93	Kidney-RCC::S.94	Kidney-RCC::S.95	Kidney-RCC::S.96	Kidney-RCC::S.97	Kidney-RCC::S.98	Kidney-RCC::S.99
A[C>A]A	123	81	123	141	143	49	107	141	119	115	149	110	129	55	137	62	101	33	103	109	119	170	81	33	166	46	63	92	86	147	29	152	94	48	168	19	57	94	95	10	76	84	141	46	94	58	100	81	87	135	83	135	145	114	80	51	106	138	159	79	144	121	121	157	142	94	71	55	93	38	150	112	177	81	71	32	116	200	45	67	93	230	79	62	66	77	90	123	59	66	118	133	133	143	192	110	91	132	149
A[C>A]C	69	46	42	52	66	28	31	65	66	47	107	38	37	34	82	43	101	18	51	48	40	101	23	30	51	30	27	59	46	84	22	48	60	14	98	4	32	33	38	8	40	27	73	16	59	64	47	37	43	81	51	34	42	66	28	14	53	53	106	36	72	57	99	75	110	55	17	19	54	45	88	28	103	56	25	23	75	108	21	46	49	94	23	27	29	52	47	102	31	27	93	67	44	49	113	67	57	63	42
A[C>A]G	26	25	20	14	15	8	9	36	14	29	33	18	8	16	22	7	50	9	10	7	9	29	16	20	26	13	4	11	18	16	9	14	18	15	25	2	4	15	13	1	10	12	31	3	15	5	19	10	14	18	2	18	12	15	7	9	21	10	30	20	32	14	26	32	30	9	7	6	9	10	24	11	24	25	5	8	18	42	13	6	34	43	9	6	6	12	7	29	9	8	35	11	17	20	37	31	4	25	10
A[C>A]T	54	64	46	61	82	31	36	69	48	31	87	41	70	41	98	24	84	21	26	33	45	62	26	11	75	31	29	58	36	70	22	46	76	22	77	5	41	32	36	4	39	28	72	17	61	40	36	65	33	78	31	37	48	52	76	14	43	75	58	60	84	51	89	111	119	71	19	19	46	35	96	30	104	66	14	17	62	73	19	26	59	105	29	20	26	24	38	74	35	27	66	54	61	57	94	46	52	77	29
A[C>G]A	41	32	22	30	63	14	22	35	18	34	26	24	30	16	85	25	11	8	18	19	42	62	17	11	79	16	17	29	26	52	30	44	49	16	40	5	12	17	11	10	47	28	34	14	21	21	34	44	22	52	18	54	20	24	24	28	15	31	47	9	17	57	38	41	65	79	14	10	25	22	33	14	33	32	40	16	41	42	11	28	47	41	24	23	24	24	36	35	25	19	59	61	37	28	47	31	17	33	34
A[C>G]C	31	23	26	36	40	12	22	29	41	14	34	21	33	7	42	19	10	7	15	34	35	56	22	13	31	18	9	28	18	36	16	45	29	9	29	6	10	23	12	12	27	30	50	16	36	33	45	31	18	16	9	30	18	17	29	28	33	20	30	9	14	32	31	16	49	50	14	11	24	27	19	26	47	22	44	4	27	40	11	18	17	32	21	22	43	20	46	21	30	14	29	23	21	21	27	16	8	35	24
A[C>G]G	7	7	4	3	10	0	2	7	7	4	3	4	6	0	15	7	6	2	3	2	8	16	4	3	9	2	2	3	9	8	15	13	7	0	8	2	1	5	3	4	7	5	8	4	3	12	10	6	4	6	1	5	5	3	6	6	7	7	8	1	10	6	8	6	10	7	1	3	7	3	8	2	9	14	9	2	8	20	1	2	10	8	8	3	3	6	7	7	15	2	6	7	5	9	10	7	2	8	3
A[C>G]T	60	43	28	106	68	16	28	66	39	38	47	27	32	19	65	40	20	15	19	33	92	111	23	33	57	31	32	60	39	53	34	54	56	14	78	27	18	26	18	21	34	32	71	35	63	53	93	60	31	35	19	47	58	24	23	38	57	66	57	3	7	61	51	34	90	112	19	19	45	43	47	47	66	18	100	14	57	83	35	38	25	49	41	39	91	26	57	41	51	15	45	73	44	42	54	30	16	30	56
A[C>T]A	119	56	48	100	112	44	88	94	117	86	104	60	103	40	157	53	21	10	38	65	120	102	47	24	180	61	41	98	43	149	62	66	124	20	138	13	27	74	29	23	139	129	104	70	54	61	78	114	63	106	63	85	73	26	81	78	92	63	115	38	44	131	140	91	127	166	40	42	87	76	90	38	119	103	57	23	114	190	21	121	97	94	45	72	89	62	89	111	124	44	120	88	105	70	124	59	34	57	93
A[C>T]C	72	39	38	68	98	27	39	50	62	31	69	34	62	15	91	29	11	4	10	33	82	74	47	15	63	46	43	91	20	84	76	65	83	12	69	7	22	24	42	8	62	65	92	34	52	35	38	43	32	47	48	57	43	17	52	33	45	27	69	23	27	32	58	76	112	127	23	15	50	16	59	42	79	86	30	21	62	59	13	72	56	31	21	27	42	44	61	96	36	25	54	70	51	77	66	38	22	27	80
A[C>T]G	155	85	51	202	118	75	84	41	104	101	63	134	37	67	199	29	55	28	73	104	150	47	174	6	183	52	74	159	202	192	82	47	114	63	111	2	24	100	50	5	34	98	167	85	77	131	81	174	91	104	158	133	221	34	255	17	66	216	52	132	36	39	48	49	100	163	77	75	68	92	89	128	188	72	35	109	124	51	99	94	76	161	70	29	113	188	49	124	114	26	50	40	32	99	180	26	30	139	173
A[C>T]T	83	52	36	91	93	35	59	60	85	42	80	65	58	17	138	82	21	12	13	67	82	63	85	15	110	52	33	114	19	112	77	74	101	15	107	26	40	27	42	9	84	90	68	38	99	60	72	62	66	51	65	64	65	21	75	45	51	67	107	40	42	105	66	59	122	106	26	34	48	37	67	51	163	69	57	14	71	137	20	75	102	72	44	49	58	61	51	76	85	32	79	87	75	56	102	50	31	71	104
A[T>A]A	26	157	28	51	327	13	33	51	27	32	29	22	38	19	723	23	22	6	33	49	57	435	34	21	1037	17	27	53	18	51	22	503	59	20	58	13	23	30	17	13	33	114	36	65	32	34	41	169	41	20	17	42	25	24	18	154	30	27	40	17	32	59	32	51	61	59	12	19	27	26	61	27	61	26	205	15	47	65	29	25	43	537	21	28	36	134	23	34	45	16	30	33	39	35	57	34	20	40	51
A[T>A]C	31	24	16	34	60	11	8	33	23	13	22	16	27	15	79	12	11	6	13	15	38	63	14	12	190	12	11	30	20	19	17	62	21	11	47	5	5	16	7	10	28	24	43	17	22	13	15	42	22	23	16	24	25	8	15	24	27	19	28	10	12	23	19	20	35	40	9	5	7	15	32	19	41	24	29	16	35	25	17	19	16	86	16	12	24	32	12	24	29	15	24	31	13	17	45	18	10	17	23
A[T>A]G	38	84	31	43	194	11	15	47	31	51	56	24	28	13	242	13	23	14	37	34	44	257	23	43	747	25	19	50	22	51	35	170	46	17	63	7	9	26	33	6	26	77	74	34	28	34	38	87	34	45	13	28	35	20	33	95	34	21	55	22	29	36	40	44	59	62	13	12	33	19	37	26	51	30	71	15	32	52	22	33	50	421	32	13	32	82	46	75	38	17	42	35	52	37	40	28	26	41	37
A[T>A]T	41	62	29	62	189	13	34	36	30	33	48	16	33	19	154	25	10	16	16	38	44	123	26	16	83	22	23	57	25	83	39	109	33	11	66	16	12	26	4	9	17	30	48	22	44	36	38	72	34	27	20	58	37	17	34	36	51	68	52	14	36	85	37	45	106	98	11	12	44	15	44	33	94	72	74	7	45	86	29	24	52	124	29	27	59	47	40	44	47	17	32	49	76	60	48	44	38	21	63
A[T>C]A	131	149	45	100	405	28	54	136	62	48	59	75	59	20	410	44	26	19	31	76	76	386	51	53	726	34	40	111	33	70	86	346	173	13	96	17	34	42	21	28	88	180	147	58	73	47	71	245	47	92	31	63	52	38	42	69	58	47	86	27	42	119	57	54	128	144	24	36	77	55	58	43	74	72	157	18	96	106	27	83	72	306	51	35	49	128	66	72	65	43	118	134	128	80	104	60	34	37	67
A[T>C]C	45	14	4	39	26	4	11	32	12	10	17	20	8	5	27	11	3	2	5	16	19	20	11	4	58	11	8	33	6	22	27	21	20	1	18	4	4	11	2	6	26	63	33	8	19	10	28	10	20	10	4	14	14	10	7	14	22	14	21	4	5	30	18	5	32	60	5	5	7	17	21	15	17	31	16	5	26	38	6	31	21	19	13	12	19	7	15	31	19	6	33	48	35	16	11	9	4	7	19
A[T>C]G	117	57	21	71	125	14	44	101	51	24	58	71	39	23	182	22	20	11	12	47	76	99	19	28	222	25	23	81	26	54	64	130	80	16	62	15	15	31	17	20	67	174	95	29	48	39	52	50	28	31	16	29	23	25	33	42	48	38	42	9	18	84	28	29	69	166	13	16	22	45	44	32	65	56	77	13	77	89	23	59	73	128	18	32	60	49	33	62	56	9	81	89	81	40	31	24	13	30	49
A[T>C]T	128	72	42	92	147	37	36	85	71	23	62	114	65	17	122	56	13	10	23	70	70	121	43	53	166	32	42	107	36	64	52	77	131	13	131	24	12	42	26	19	112	160	125	44	65	54	69	70	51	54	30	53	101	15	55	50	75	55	81	29	35	118	53	112	114	126	27	32	71	70	48	68	107	67	64	14	69	114	22	99	84	81	48	38	51	44	80	69	97	38	100	87	119	83	68	56	21	50	91
A[T>G]A	33	40	6	27	73	13	23	44	32	18	40	16	26	16	104	29	4	8	13	17	37	84	12	20	79	8	17	28	18	28	20	134	27	3	39	10	4	19	14	7	32	23	34	31	28	30	55	53	26	24	11	24	33	20	14	25	38	23	25	4	5	40	25	23	36	49	15	23	28	14	25	15	32	12	96	9	35	35	16	17	18	62	25	29	22	52	30	23	21	12	16	48	30	34	22	19	6	30	35
A[T>G]C	32	35	17	56	34	15	25	45	29	11	23	14	10	19	45	18	6	7	18	16	38	45	15	39	24	17	21	33	28	30	18	44	21	14	39	17	5	11	3	26	21	19	21	22	18	43	36	21	13	35	10	27	38	28	26	18	42	32	45	4	8	39	28	15	45	52	12	12	24	20	15	39	37	10	43	10	30	54	23	11	11	23	49	9	31	18	51	24	40	14	19	31	27	24	16	25	3	24	66
A[T>G]G	38	42	19	51	50	14	21	49	26	13	34	22	18	14	67	28	5	1	24	20	45	46	7	16	116	13	13	46	22	29	27	38	38	9	52	19	3	12	6	20	30	38	51	25	26	28	75	24	26	38	1	34	37	6	19	32	43	42	40	7	15	49	35	32	52	67	11	16	26	14	28	24	29	17	39	12	57	61	13	32	21	48	13	23	53	22	36	17	34	8	30	56	30	23	23	20	6	35	36
A[T>G]T	119	65	45	80	108	32	56	175	109	26	59	45	53	52	88	59	8	15	44	51	110	162	41	69	88	49	34	108	82	93	66	126	61	18	147	26	8	27	14	63	40	46	52	61	87	90	185	62	71	129	11	74	51	23	41	65	89	71	105	8	23	87	78	70	142	109	38	37	70	29	53	99	143	28	92	33	76	104	62	34	28	72	94	53	117	38	105	33	100	25	33	70	74	85	116	35	21	64	63
C[C>A]A	148	92	98	46	77	28	80	183	50	68	118	66	29	53	117	34	121	76	105	31	59	145	19	74	105	26	12	65	98	139	35	71	100	64	148	7	20	70	39	18	35	36	114	21	71	39	84	60	64	146	60	32	41	115	71	16	97	241	130	103	232	58	83	172	203	73	43	8	38	64	131	31	53	94	38	42	74	175	72	40	73	178	42	12	26	88	40	104	41	63	181	96	62	87	135	155	90	185	43
C[C>A]C	123	83	60	24	79	9	55	101	31	93	120	51	27	74	99	18	240	37	110	26	44	102	31	40	77	22	14	35	79	99	25	57	81	33	118	7	8	58	45	5	28	26	144	14	52	30	49	38	35	119	34	23	32	154	57	20	63	50	123	67	167	47	69	152	165	47	15	22	29	41	89	24	59	120	28	57	72	177	43	38	111	286	15	20	32	24	31	148	37	67	141	90	89	67	98	117	93	160	40
C[C>A]G	37	21	30	6	16	5	17	29	6	16	42	15	4	20	21	4	78	18	27	5	10	34	7	13	11	0	1	3	20	20	14	12	18	20	28	0	3	20	17	2	8	8	49	4	14	8	12	10	12	38	11	5	3	31	14	6	24	29	47	32	34	8	19	37	53	9	6	0	6	9	29	7	17	23	8	14	23	40	17	11	40	90	3	4	5	12	8	50	5	8	46	28	28	24	32	19	26	50	6
C[C>A]T	142	64	95	40	61	11	44	108	31	101	162	76	18	96	84	23	121	49	97	18	39	105	16	62	39	20	22	61	79	85	66	64	60	51	91	5	5	44	39	3	15	36	141	20	45	33	77	30	43	113	36	31	17	156	47	22	77	94	129	78	145	43	48	138	162	85	32	14	12	42	103	24	42	106	20	23	73	154	48	19	116	169	20	21	39	35	47	117	34	48	170	87	68	67	113	107	84	161	34
C[C>G]A	24	27	14	28	28	10	15	30	29	31	29	12	13	16	44	15	16	6	24	15	26	45	12	13	56	10	18	18	20	28	23	46	41	5	45	7	6	13	8	11	20	17	39	15	16	22	28	22	11	27	14	18	24	22	21	31	31	11	26	12	13	20	17	25	52	45	11	6	14	13	22	14	46	26	16	14	31	43	17	22	18	39	21	17	22	16	24	24	31	12	32	35	28	28	31	31	9	32	24
C[C>G]C	41	32	21	33	39	10	15	53	21	11	38	13	10	28	57	16	26	12	11	29	40	62	11	14	56	16	14	52	41	44	43	50	30	13	36	12	4	10	7	10	30	30	44	11	24	26	57	24	16	30	9	24	21	29	11	35	25	21	28	17	29	32	26	44	59	88	17	10	14	28	21	16	34	37	26	11	36	55	21	23	30	57	22	20	32	22	19	31	45	11	36	50	37	19	29	19	11	24	36
C[C>G]G	10	10	4	7	11	3	3	5	5	6	2	2	2	5	11	3	3	2	4	1	8	11	1	4	9	4	1	7	5	5	8	3	3	1	8	0	2	5	3	1	6	8	11	1	1	2	4	4	4	9	3	5	4	3	6	4	9	10	11	4	11	11	2	7	20	13	6	3	5	3	7	2	8	11	4	4	10	15	1	6	7	14	4	3	1	6	6	12	5	4	11	10	5	8	3	12	6	13	5
C[C>G]T	52	80	38	59	63	10	24	77	36	24	31	21	54	33	48	31	28	26	42	41	63	74	24	41	50	37	19	63	66	60	44	69	31	23	91	21	7	23	13	22	51	42	50	31	48	42	94	32	37	49	12	49	32	27	27	54	53	46	72	15	16	43	64	53	73	80	19	14	32	36	27	30	63	25	73	26	59	82	39	19	46	52	43	37	35	18	39	36	67	15	43	55	44	36	63	27	14	42	50
C[C>T]A	54	51	41	65	127	31	83	73	88	59	118	55	81	37	121	46	28	11	32	91	91	122	73	29	102	46	59	126	22	123	71	66	110	19	102	18	32	37	37	14	79	93	65	47	69	45	72	46	69	77	55	65	65	29	69	57	54	81	89	50	52	128	90	104	122	107	26	32	54	32	104	58	120	90	37	12	93	132	30	78	63	85	27	35	50	50	82	89	86	38	85	92	119	89	83	67	28	70	88
C[C>T]C	105	47	86	83	132	42	63	84	95	49	76	65	72	12	137	56	28	14	23	112	102	112	74	25	124	29	49	113	18	168	81	66	117	10	111	10	30	65	49	14	67	56	101	50	80	46	43	68	79	70	64	91	60	33	58	40	92	59	89	35	52	114	118	143	154	129	32	26	67	36	98	77	112	117	61	16	91	131	24	66	96	83	67	55	79	35	93	110	66	44	101	65	123	127	114	59	58	50	73
C[C>T]G	126	57	44	54	63	65	35	19	49	52	41	62	8	27	103	10	31	17	28	55	67	31	105	9	78	44	32	89	78	67	54	21	71	36	78	0	2	44	50	4	40	80	121	56	45	80	43	106	42	70	112	72	120	24	91	9	62	164	26	50	39	43	34	36	45	105	49	47	54	84	58	60	113	34	11	49	81	45	46	100	48	87	43	14	28	174	31	69	47	8	41	68	38	87	102	15	21	79	80
C[C>T]T	82	61	53	78	111	28	70	76	81	83	101	58	131	40	159	61	44	16	24	106	103	109	134	21	160	47	44	151	28	182	88	69	149	9	128	14	20	62	33	15	77	46	108	38	71	59	87	65	128	86	56	61	63	41	74	73	83	48	93	42	70	140	74	114	188	139	16	23	60	49	93	49	141	110	32	18	74	118	19	83	127	110	69	39	46	62	75	115	61	27	138	87	131	69	136	59	75	51	107
C[T>A]A	21	144	23	14	486	4	6	19	15	7	36	14	8	29	724	8	19	16	10	7	21	316	6	9	5651	7	7	26	15	26	21	554	23	15	19	3	4	9	10	1	11	100	36	65	13	4	19	216	10	41	10	5	9	13	10	181	23	6	21	14	16	17	10	29	44	35	0	3	8	22	21	9	12	22	319	12	19	38	11	14	32	1522	9	10	6	168	3	34	12	4	33	24	13	20	24	21	17	33	16
C[T>A]C	25	60	25	46	106	10	23	69	33	25	51	35	41	26	172	39	31	14	33	26	53	161	16	9	867	19	11	50	33	57	32	206	45	14	51	11	11	25	17	6	25	51	28	26	38	23	38	58	46	34	19	34	31	33	27	127	44	17	30	23	32	36	28	21	76	75	8	9	23	19	43	20	44	40	44	18	35	86	20	27	62	458	24	21	40	48	17	55	41	14	47	35	42	24	39	24	20	22	19
C[T>A]G	65	100	48	30	282	13	21	53	25	26	50	54	23	49	473	19	55	11	44	23	33	354	11	28	3337	7	15	43	38	49	30	536	46	25	37	10	9	21	21	4	20	184	63	40	30	17	27	119	25	41	11	24	10	52	41	224	33	31	72	45	52	36	47	76	101	59	7	4	13	32	51	11	29	57	196	16	42	78	37	21	74	1384	8	12	20	176	18	88	20	16	122	31	50	55	53	57	47	90	24
C[T>A]T	37	66	31	56	178	17	37	44	35	24	46	26	34	33	157	22	32	11	39	23	55	176	25	17	1010	17	23	51	30	39	36	192	39	16	57	11	27	22	15	20	25	77	49	38	37	43	38	88	23	36	35	30	24	23	33	69	42	30	56	32	42	36	55	67	67	83	9	21	26	22	43	39	61	30	72	11	27	65	15	26	44	555	36	21	26	63	41	54	35	20	37	27	52	62	49	37	20	35	41
C[T>C]A	49	51	17	75	100	15	18	68	46	15	41	82	23	37	113	19	18	10	20	24	38	69	16	23	205	18	20	51	31	36	59	113	57	7	43	15	7	16	7	12	40	142	64	26	31	32	59	40	32	44	6	27	39	25	25	59	37	30	47	10	24	26	49	43	78	98	11	19	27	33	17	23	37	60	34	16	34	91	16	29	114	86	19	23	65	29	36	64	47	6	34	53	44	43	40	33	11	18	51
C[T>C]C	40	9	19	42	42	8	13	62	27	9	24	30	24	12	67	5	11	4	8	20	50	31	11	7	69	9	10	44	9	19	29	20	23	8	33	12	6	11	5	8	15	86	54	14	22	14	19	24	11	24	7	28	18	14	10	11	28	18	17	12	9	28	21	18	60	71	18	12	12	22	19	17	28	31	20	10	26	55	12	30	38	32	15	10	10	18	28	47	28	8	42	44	45	23	28	13	6	26	31
C[T>C]G	34	30	16	63	64	5	11	37	21	26	25	47	24	23	68	11	17	9	9	22	51	23	19	16	100	16	14	64	18	41	33	43	47	11	26	7	6	12	7	5	56	83	63	11	14	21	32	27	10	32	7	32	26	12	11	21	47	20	42	6	15	49	32	35	59	125	14	12	10	29	32	20	29	49	33	14	67	94	6	53	63	40	12	13	23	11	29	37	33	15	79	54	67	37	29	13	14	21	50
C[T>C]T	51	30	22	57	70	9	17	79	47	22	26	52	22	19	74	20	10	12	12	34	60	53	13	34	62	17	33	62	27	27	45	32	47	13	51	14	14	13	5	11	42	90	52	37	29	42	28	24	24	37	12	30	28	13	9	28	38	26	49	16	13	57	31	33	78	66	18	11	20	30	34	28	42	47	43	6	54	81	13	26	49	22	31	20	33	18	30	58	49	17	37	56	50	33	42	22	11	26	29
C[T>G]A	13	23	7	7	60	5	4	13	16	3	8	4	10	9	53	12	3	2	9	8	11	33	2	3	102	1	3	16	13	18	7	56	11	5	18	1	7	7	3	3	8	11	10	6	11	10	12	18	8	8	2	7	14	16	8	18	10	12	11	3	0	16	10	10	12	20	5	0	10	6	9	6	16	8	24	2	7	21	9	6	6	67	15	5	13	18	8	8	25	6	7	9	4	11	9	13	2	5	10
C[T>G]C	18	19	8	27	33	8	8	29	20	15	10	13	12	16	28	9	4	17	13	19	15	34	5	12	59	12	13	14	15	24	18	34	28	6	53	10	3	8	4	15	16	17	19	16	13	17	37	22	23	25	9	14	33	9	14	24	24	26	29	3	7	33	26	22	29	51	22	9	18	21	21	18	32	12	41	9	23	20	12	17	11	22	13	17	25	19	19	15	29	6	13	33	15	18	18	7	3	15	29
C[T>G]G	24	27	14	10	52	3	7	20	17	4	12	20	12	8	66	11	15	0	23	15	23	45	3	18	186	10	11	19	16	14	13	55	12	5	29	2	2	5	8	7	14	22	39	7	14	11	22	22	15	27	1	12	17	9	10	19	25	22	20	6	19	30	22	15	39	54	10	8	12	18	20	9	27	14	21	7	29	33	24	14	20	128	10	12	15	19	15	15	21	5	12	26	17	14	20	11	5	17	23
C[T>G]T	51	41	18	66	49	16	25	50	54	15	36	24	40	25	57	31	10	15	45	20	69	69	15	17	77	8	18	43	30	30	26	52	27	7	46	12	2	13	8	25	26	39	35	23	28	14	48	43	30	47	10	24	48	16	12	33	61	54	29	5	14	43	33	20	68	58	15	7	33	24	40	31	50	25	72	9	57	48	27	13	16	30	26	15	43	25	59	25	58	10	27	50	47	23	40	17	13	29	38
G[C>A]A	91	32	24	30	43	14	29	69	45	39	90	27	19	39	67	23	67	16	46	33	27	86	20	23	71	13	10	33	45	43	9	29	44	25	55	1	15	43	26	3	35	30	64	21	38	23	43	30	33	68	62	20	28	45	37	19	44	305	67	34	153	50	48	104	109	46	44	12	36	29	68	12	53	35	9	14	58	63	21	26	46	119	16	10	18	41	30	70	24	16	95	147	56	47	70	69	40	68	42
G[C>A]C	87	34	59	47	53	26	28	80	26	38	76	51	37	53	71	25	45	21	45	31	23	59	25	25	73	22	20	34	50	53	24	28	66	34	84	6	20	47	26	1	33	12	71	24	31	18	36	40	38	46	29	28	22	80	48	22	45	57	72	44	98	49	66	98	69	57	26	12	33	33	81	18	75	50	27	22	53	74	15	24	58	130	33	19	24	25	35	67	29	33	79	60	61	54	90	66	21	59	34
G[C>A]G	37	20	12	15	13	1	17	24	8	24	31	12	6	15	21	7	30	8	19	5	22	16	5	7	26	10	12	9	14	22	6	9	23	13	24	0	6	7	18	0	12	6	24	8	13	9	12	4	3	26	7	12	5	24	9	11	22	17	35	12	32	12	23	38	27	4	3	0	4	11	30	7	18	16	3	12	17	44	4	12	31	32	8	4	5	10	10	35	6	11	30	17	13	22	24	22	26	23	14
G[C>A]T	58	29	40	39	38	11	22	47	15	20	51	27	20	25	56	13	40	16	37	28	34	64	13	23	42	9	8	32	35	34	28	28	45	19	36	2	15	17	19	7	18	19	46	24	23	23	37	17	21	38	44	19	19	34	22	11	37	136	51	34	171	37	35	50	78	57	36	9	18	21	36	8	33	28	17	22	34	60	11	19	47	59	18	19	14	22	16	51	25	18	48	107	52	25	41	48	21	46	31
G[C>G]A	17	11	13	15	14	6	10	18	13	9	17	10	8	13	28	9	10	5	9	7	14	15	5	3	41	5	3	20	10	21	10	15	15	5	12	1	8	4	4	4	15	10	26	8	13	7	12	17	7	21	3	14	8	11	14	11	10	7	18	11	4	21	10	18	27	16	0	3	12	6	20	7	8	17	10	3	8	26	3	14	17	24	6	12	19	8	10	15	16	10	20	16	22	15	17	15	6	12	10
G[C>G]C	28	22	14	14	20	10	9	16	11	13	19	16	6	17	32	12	5	2	10	9	21	21	9	2	42	6	10	14	5	19	12	28	16	4	26	4	8	9	5	3	16	11	31	13	15	11	16	19	9	19	3	18	16	14	9	13	25	12	18	11	9	30	14	23	35	30	9	8	9	11	13	1	22	14	19	11	16	30	6	10	13	37	6	14	21	14	8	15	23	9	33	27	25	11	13	15	13	18	10
G[C>G]G	2	7	5	4	8	1	4	9	4	2	15	5	5	2	8	1	9	4	4	3	4	4	1	4	10	1	1	6	9	2	4	5	3	2	10	0	2	2	4	0	4	1	8	4	3	2	6	2	6	9	2	0	1	5	5	1	5	3	6	4	3	2	5	4	3	4	1	0	4	2	7	2	7	5	3	10	6	10	3	3	8	13	2	1	3	3	5	5	8	4	10	7	7	8	11	1	9	5	7
G[C>G]T	20	9	13	24	40	5	13	34	24	3	21	13	7	10	28	18	9	2	13	9	24	26	10	8	47	12	15	27	13	29	16	24	26	8	28	8	6	14	1	5	25	26	27	12	14	11	40	15	15	30	7	22	12	13	15	12	16	13	30	6	10	21	18	15	25	36	7	3	10	15	21	14	28	18	20	12	30	54	12	20	5	23	9	12	19	22	14	24	25	3	17	25	18	13	21	16	14	20	19
G[C>T]A	66	32	72	136	130	45	49	49	66	54	100	37	110	11	111	48	5	8	15	89	76	100	56	9	151	42	45	98	18	117	54	60	132	15	78	10	43	46	19	8	85	69	99	51	66	64	63	74	80	54	57	79	101	17	54	58	72	52	98	38	62	102	129	113	104	121	34	19	42	30	86	48	77	61	39	11	93	146	9	99	49	94	52	70	86	41	100	98	73	56	80	81	83	89	139	56	42	54	102
G[C>T]C	55	29	49	78	86	37	59	54	95	59	54	51	33	13	80	61	12	6	15	68	75	66	102	23	175	47	35	113	13	135	31	52	122	4	98	6	28	34	35	8	70	84	79	22	51	35	36	66	37	43	52	64	39	13	65	36	54	38	72	27	55	100	62	97	128	125	24	25	63	28	61	53	189	56	26	8	82	99	8	89	69	59	35	34	33	33	68	87	39	16	72	75	66	82	147	82	33	32	67
G[C>T]G	109	64	52	97	93	47	35	8	71	45	51	68	23	27	105	15	16	6	41	60	54	34	81	4	87	38	39	60	80	129	42	24	59	32	45	1	14	70	37	0	29	83	80	52	45	82	50	137	46	62	93	71	130	15	108	12	49	113	29	58	30	50	37	36	52	118	30	22	55	63	67	74	110	34	13	66	64	37	43	102	49	89	42	15	66	109	23	81	78	18	61	60	24	70	161	17	26	54	85
G[C>T]T	58	26	50	125	87	36	48	57	53	31	60	36	71	10	115	69	10	10	21	64	81	49	67	9	147	35	33	89	13	90	69	67	87	4	59	8	23	32	33	12	68	45	70	25	50	70	41	51	38	44	55	71	65	10	38	32	61	46	103	36	40	104	48	74	109	109	32	34	54	20	39	57	125	66	27	8	48	156	11	77	61	69	50	38	67	36	64	78	56	54	58	87	89	120	105	49	36	39	43
G[T>A]A	29	87	20	21	169	11	15	29	7	7	19	10	9	10	224	5	25	8	8	14	22	226	7	12	1010	9	6	13	13	21	20	204	37	15	32	3	10	6	7	3	13	64	21	26	13	8	19	84	10	25	3	18	15	23	16	81	30	15	21	9	17	25	12	41	39	26	13	3	11	15	18	7	13	26	111	12	28	34	11	9	14	494	14	15	16	91	16	23	19	13	35	31	23	22	18	29	13	29	14
G[T>A]C	11	24	11	32	42	12	1	23	17	8	21	19	16	13	40	6	8	5	10	13	26	60	6	9	147	2	6	29	15	17	14	36	17	9	21	3	9	16	3	10	21	23	24	14	11	16	22	28	16	20	8	18	20	7	11	35	14	10	26	5	17	13	28	20	29	29	7	4	18	9	17	9	31	9	19	6	12	31	9	8	13	98	16	13	11	21	19	18	15	4	19	17	18	23	32	6	12	13	21
G[T>A]G	41	38	24	33	56	6	23	33	24	29	42	22	14	28	53	10	45	11	21	15	17	46	16	17	351	14	19	22	24	19	19	34	15	15	39	12	4	14	13	4	4	40	32	13	25	21	16	20	26	35	10	12	28	24	13	66	43	25	31	11	35	17	24	33	43	30	11	7	16	16	26	14	30	12	33	16	30	42	14	13	29	309	13	21	11	24	23	37	21	10	32	23	31	24	46	29	18	28	17
G[T>A]T	23	36	20	35	33	12	18	35	19	12	35	20	16	14	39	17	16	6	12	29	17	58	22	11	198	13	18	27	15	30	22	66	31	3	40	2	4	17	9	3	8	18	16	14	28	23	16	27	24	34	14	19	19	11	18	20	38	22	41	20	21	34	22	28	32	36	10	5	10	11	27	13	37	25	23	9	16	43	13	14	32	97	18	17	21	23	36	27	52	6	27	27	30	29	35	30	6	21	21
G[T>C]A	47	30	23	53	69	9	11	104	26	7	38	57	22	12	52	22	6	4	17	19	43	83	6	17	68	11	22	37	23	35	26	47	50	11	49	8	4	9	3	12	60	134	48	15	26	31	65	32	22	37	12	22	33	31	18	10	31	25	46	17	14	30	21	35	57	54	7	9	24	18	29	28	37	9	49	12	37	41	7	53	15	49	25	21	23	28	18	32	40	15	38	38	38	35	31	20	14	30	28
G[T>C]C	17	12	12	19	30	6	12	37	7	6	9	46	10	8	23	3	3	1	5	16	13	22	7	4	55	11	6	14	6	13	11	12	33	6	12	4	4	10	2	2	23	51	17	7	10	7	25	12	10	8	4	11	10	2	6	9	12	15	18	2	18	27	9	6	27	25	5	4	10	19	10	13	26	15	14	5	17	25	3	27	13	19	5	4	13	12	12	17	11	5	22	28	16	12	16	6	4	15	13
G[T>C]G	22	9	12	40	34	5	8	44	16	6	13	28	19	14	32	14	6	7	20	14	22	25	13	7	52	6	11	27	7	22	15	23	24	6	19	3	3	8	5	4	27	86	27	15	15	15	25	19	12	13	13	15	16	6	14	17	25	27	23	11	9	52	18	9	43	41	14	1	11	16	20	7	20	20	23	7	32	31	9	39	24	23	14	20	27	13	11	19	31	5	41	38	46	16	20	9	6	9	16
G[T>C]T	47	18	13	41	39	15	24	79	35	16	33	36	33	9	38	10	1	2	8	39	29	29	37	12	76	15	22	40	11	27	20	37	43	1	28	4	14	16	7	5	38	73	43	19	22	21	23	42	29	17	12	29	30	6	21	19	33	17	41	13	14	42	32	32	45	59	14	13	26	8	17	11	41	24	32	9	34	63	9	35	22	16	16	16	31	18	24	29	25	39	37	59	29	26	64	15	11	17	30
G[T>G]A	14	2	3	6	14	3	7	15	7	3	3	6	7	2	25	4	5	2	7	7	6	21	2	5	45	6	2	14	9	5	7	29	14	1	10	3	0	2	1	7	5	20	14	6	7	4	11	13	10	5	5	12	8	4	1	13	8	6	9	1	7	11	8	8	13	12	6	0	4	5	8	3	12	6	16	1	11	10	5	2	6	20	8	6	12	13	3	11	8	2	6	17	9	3	3	5	2	6	10
G[T>G]C	9	8	0	13	7	3	5	11	5	2	4	4	9	1	8	5	1	2	3	5	8	12	5	7	8	1	3	8	1	13	5	12	8	2	11	3	1	8	0	2	6	8	11	6	3	7	18	6	4	6	0	15	5	4	3	8	14	5	9	1	0	8	7	9	9	6	2	3	9	3	2	4	10	5	6	1	12	9	4	9	4	8	3	7	6	5	7	3	13	1	7	11	10	4	7	3	1	2	10
G[T>G]G	17	8	6	14	15	1	5	20	8	1	9	8	10	14	12	3	9	3	5	6	8	18	4	3	30	10	5	13	10	12	8	11	14	1	12	2	1	8	7	4	18	24	19	9	9	3	18	14	15	12	5	13	7	6	3	9	5	15	10	2	15	17	7	10	18	25	9	2	5	5	14	4	5	12	11	5	18	17	3	6	16	19	9	4	11	4	7	11	10	4	11	18	19	13	13	10	5	9	12
G[T>G]T	18	16	13	16	21	6	18	22	20	5	10	12	8	3	14	14	2	4	6	11	36	31	10	7	14	6	3	20	13	21	11	18	13	4	21	7	2	5	3	10	14	7	12	5	19	17	9	7	16	15	6	11	21	7	8	11	18	23	17	2	11	18	8	11	23	34	8	5	13	9	17	15	25	6	32	4	21	25	18	7	7	15	17	15	23	3	14	14	21	9	13	10	14	25	17	8	2	7	26
T[C>A]A	137	79	83	110	115	35	73	145	113	88	120	127	107	99	119	94	80	38	95	96	102	212	109	68	103	71	86	95	81	158	52	109	142	40	114	20	25	84	31	19	104	80	109	84	94	91	89	103	63	137	99	73	88	104	60	62	118	161	179	67	207	98	107	115	203	166	89	61	80	51	163	91	120	100	63	33	121	214	37	41	69	182	57	45	94	74	102	152	130	62	111	157	93	121	157	137	46	165	103
T[C>A]C	136	73	66	100	124	28	87	95	72	77	128	79	68	52	116	75	71	45	48	73	103	162	61	46	154	52	40	81	75	161	34	81	128	49	158	19	44	53	68	14	55	60	149	54	69	65	109	76	101	120	86	48	81	69	84	49	119	111	147	89	140	61	60	200	162	115	47	30	95	49	164	78	157	65	68	43	108	166	39	78	102	216	37	42	59	89	99	124	79	53	130	83	106	120	153	89	98	112	127
T[C>A]G	16	16	21	19	20	6	13	30	22	12	36	22	13	16	28	12	15	7	7	15	17	33	15	5	7	6	8	17	20	24	5	20	18	7	26	0	2	9	7	2	14	9	17	19	16	17	19	17	15	34	11	16	10	14	6	5	17	30	25	20	30	22	28	27	35	21	10	5	9	5	21	12	22	16	5	9	21	41	12	20	15	40	9	10	9	18	10	41	13	14	24	43	17	25	20	28	10	19	16
T[C>A]T	118	75	85	105	108	35	74	108	87	97	185	96	66	64	124	50	66	29	68	85	105	142	42	45	103	30	36	106	58	137	49	90	119	47	152	17	54	73	36	21	76	48	98	56	88	56	86	63	59	112	80	90	45	84	143	46	124	325	157	59	341	99	103	113	176	132	73	28	58	42	96	47	122	89	42	42	97	150	61	52	91	174	61	51	70	70	134	93	82	60	89	170	80	105	149	89	68	109	90
T[C>G]A	32	40	61	26	46	21	30	27	24	42	33	26	31	16	61	27	12	5	25	31	40	69	39	14	108	16	27	44	14	41	25	51	35	8	57	6	12	11	21	6	61	26	42	138	19	20	49	52	19	23	16	33	30	20	21	32	26	37	37	9	10	35	39	26	57	220	103	96	41	17	32	17	47	20	29	17	24	78	11	18	28	130	17	23	28	37	22	36	46	12	29	47	41	22	34	65	7	149	32
T[C>G]C	38	26	41	66	99	18	34	54	37	29	28	25	32	21	67	36	22	15	30	47	51	77	19	31	77	29	27	50	33	56	41	57	31	10	70	11	9	29	7	13	41	29	56	59	27	26	86	25	29	34	16	43	35	27	26	36	50	24	76	19	28	51	47	56	101	73	35	28	38	36	42	38	86	25	67	16	44	63	30	25	38	74	20	40	66	39	29	32	78	24	37	68	35	73	50	42	18	59	69
T[C>G]G	8	5	6	10	9	1	3	9	7	6	2	4	5	8	12	4	3	2	4	1	9	16	2	4	17	4	2	8	5	5	5	5	3	4	9	2	2	3	1	3	6	4	3	10	4	0	16	3	5	8	2	5	5	3	1	2	3	3	10	6	5	5	5	6	8	26	7	4	4	8	4	1	4	8	2	2	8	6	7	7	12	4	5	2	5	5	8	8	2	6	7	7	13	2	7	4	2	11	11
T[C>G]T	77	48	85	130	112	20	67	106	81	72	87	52	79	26	98	48	17	23	38	53	85	148	53	47	85	46	48	99	47	78	35	96	84	15	84	44	23	24	8	26	110	51	88	202	82	74	100	57	79	71	19	76	51	30	53	63	74	64	93	32	23	98	106	101	133	294	144	80	85	49	71	64	116	49	84	17	81	172	37	42	45	128	52	43	78	60	67	53	116	25	45	76	54	71	91	102	23	102	84
T[C>T]A	138	86	79	217	168	75	114	166	124	71	150	85	134	37	144	70	11	23	48	120	344	117	139	22	178	107	54	194	82	233	100	173	187	12	241	31	39	84	59	43	100	114	167	81	124	111	118	183	141	114	119	153	147	19	116	102	111	98	187	50	100	167	147	194	188	157	81	73	89	48	132	117	269	119	93	33	109	178	53	100	95	106	122	72	124	72	132	106	150	66	111	136	135	156	210	105	59	109	153
T[C>T]C	89	67	85	165	128	55	66	111	134	65	152	97	139	23	141	87	9	13	31	123	201	137	90	13	173	69	37	146	31	157	79	107	170	14	156	18	37	104	60	22	126	72	120	66	102	96	65	94	82	107	63	123	119	13	117	44	87	64	79	72	99	157	144	138	203	198	37	49	103	39	145	90	192	105	35	14	122	192	21	100	90	99	114	80	58	68	122	143	120	66	114	139	100	154	136	57	58	72	103
T[C>T]G	64	54	26	66	53	26	26	15	31	29	23	49	15	15	60	15	11	14	17	36	44	22	67	4	71	21	27	62	69	71	35	20	42	20	45	1	7	35	26	4	37	63	72	39	38	48	23	82	28	40	54	57	67	15	60	7	21	63	19	32	30	40	14	29	34	67	24	28	44	44	76	41	63	37	9	20	44	48	35	58	29	42	20	5	44	67	16	46	24	16	56	45	36	39	66	23	15	44	51
T[C>T]T	87	56	62	96	126	78	60	56	95	81	145	71	78	15	166	67	15	10	18	67	162	120	98	13	137	68	36	140	36	109	73	118	138	7	90	10	47	62	41	26	72	96	89	47	96	65	65	106	59	50	68	102	53	19	79	54	102	38	120	65	53	189	85	143	174	189	45	34	91	33	114	105	121	89	53	13	72	154	14	97	114	60	59	35	80	75	81	125	82	48	112	77	98	106	110	64	48	60	130
T[T>A]A	36	162	41	60	573	20	39	70	63	23	43	29	29	29	790	29	32	9	29	44	56	585	13	28	1116	29	20	68	18	52	33	711	49	12	59	12	16	41	25	12	39	82	61	69	40	40	52	221	30	44	30	41	51	21	32	116	49	49	46	22	46	66	53	44	74	72	11	14	25	9	54	34	56	28	282	17	54	80	26	31	42	689	30	26	42	383	45	40	63	17	37	62	45	86	59	35	19	32	53
T[T>A]C	39	59	24	86	114	21	29	54	45	35	39	38	34	23	122	31	21	12	29	39	67	168	21	30	310	19	21	60	36	66	38	126	41	14	76	22	17	19	15	13	22	72	43	57	55	34	67	69	33	44	17	73	33	32	29	65	66	27	41	14	24	58	50	75	85	76	17	17	37	28	47	41	57	41	69	5	53	69	37	29	37	190	33	46	42	58	44	38	57	21	24	32	56	38	46	24	13	36	68
T[T>A]G	46	91	25	37	234	14	22	39	24	14	25	21	36	14	238	31	19	15	17	29	50	366	20	19	1107	10	9	43	19	28	31	441	37	15	41	6	7	15	15	13	23	90	34	38	33	24	44	184	17	32	9	31	31	19	21	159	40	26	29	20	13	35	37	32	59	44	18	11	22	10	35	23	38	28	112	9	37	57	18	15	35	599	22	15	27	160	31	42	33	17	42	27	46	36	47	25	18	42	38
T[T>A]T	98	163	81	189	356	47	51	105	118	44	89	83	98	50	257	64	21	24	55	64	150	289	72	92	732	67	72	117	51	104	76	339	93	21	158	29	18	38	34	43	58	103	103	72	83	55	174	161	63	68	43	97	70	45	60	118	90	81	165	33	42	84	113	82	200	171	43	32	71	32	80	93	122	44	277	52	70	163	58	54	52	407	56	65	117	111	147	66	115	52	56	94	115	85	121	51	26	91	114
T[T>C]A	65	68	31	81	177	17	33	156	65	22	31	66	36	20	133	38	14	11	36	44	69	196	9	30	125	23	31	64	42	57	54	228	47	12	76	26	12	25	13	18	39	146	60	34	29	44	34	71	29	62	23	53	34	15	29	79	30	34	57	14	7	32	49	62	91	91	12	22	32	36	37	34	60	22	123	12	77	73	44	38	37	148	38	27	61	63	56	61	42	18	44	87	67	40	34	29	11	35	51
T[T>C]C	26	14	8	55	21	5	11	28	21	7	23	37	8	12	51	15	3	6	8	13	27	41	4	14	27	8	8	23	9	25	11	16	31	6	28	6	3	3	1	2	23	93	37	14	10	11	26	14	11	16	6	17	11	7	12	9	18	23	17	0	12	30	18	18	31	52	11	9	17	12	7	7	23	19	21	3	35	32	7	23	19	22	22	16	20	8	9	17	17	5	31	21	19	10	23	6	1	5	26
T[T>C]G	32	18	5	45	59	9	11	44	12	8	12	35	23	9	63	11	2	1	6	24	20	46	8	8	53	7	6	27	15	16	36	42	23	3	23	5	5	11	6	11	35	85	39	14	13	16	25	30	25	11	11	20	23	7	14	17	32	28	15	9	5	20	21	19	42	42	11	4	11	19	9	17	26	33	38	15	34	48	13	20	19	38	11	10	15	24	22	20	13	4	32	40	42	20	15	7	6	23	12
T[T>C]T	59	48	27	96	75	12	16	56	35	19	26	58	34	17	60	36	6	8	13	37	44	72	21	13	67	17	21	59	24	33	33	46	53	7	53	23	9	14	11	16	54	110	56	13	36	35	51	55	40	34	12	36	56	11	16	41	53	46	31	12	11	55	48	28	83	77	17	12	20	33	35	29	64	25	41	14	44	44	14	68	38	36	24	21	36	26	33	32	50	22	36	57	51	36	63	12	9	28	44
T[T>G]A	41	43	16	39	108	10	22	68	30	16	41	37	42	10	102	17	1	11	25	24	69	110	9	28	127	18	24	41	30	53	23	117	33	1	78	13	3	21	10	16	23	23	42	28	58	30	47	42	38	29	16	37	40	19	15	45	22	27	50	8	7	36	32	29	67	64	15	12	22	22	14	24	48	14	89	23	34	41	22	17	12	83	33	20	46	25	18	12	61	14	30	42	22	32	20	23	8	17	55
T[T>G]C	58	52	42	79	77	16	31	79	60	13	30	34	35	16	55	45	5	18	16	34	69	131	8	37	60	24	32	42	30	46	19	68	35	12	83	13	3	26	15	25	27	27	47	20	43	47	92	34	41	40	17	62	71	24	30	49	68	49	63	9	13	54	45	27	72	89	26	19	49	17	30	28	89	27	54	13	50	67	38	18	11	29	32	31	49	29	50	14	72	11	31	40	59	50	35	37	13	28	65
T[T>G]G	42	34	22	26	55	4	20	30	29	19	23	11	21	16	72	26	9	9	19	17	35	73	8	28	143	14	15	41	29	33	26	64	29	14	45	9	5	12	4	8	31	32	42	18	28	30	43	32	27	32	9	30	35	18	19	38	38	24	55	6	12	36	26	24	49	53	8	9	31	25	32	26	37	11	47	6	39	43	20	21	19	66	27	16	51	37	36	23	42	11	13	37	33	32	25	14	5	32	38
T[T>G]T	87	126	48	119	136	43	83	110	102	42	85	50	61	79	117	48	19	32	75	83	93	138	61	47	119	58	64	94	51	167	76	113	119	19	202	49	19	53	18	55	66	71	110	67	112	74	106	85	90	71	31	109	90	58	58	113	172	98	117	10	27	92	132	85	111	238	53	36	84	71	94	85	144	38	177	33	114	197	49	67	43	89	104	81	104	52	104	45	159	38	54	129	104	121	77	73	13	80	163
