,SBS1,SBS4,SBS5,SBS9,SBS12,SBS16,SBS17a,SBS17b,SBS18,SBS19,SBS22a,SBS24,SBS29,SBS30,SBS31,SBS35,SBS40
Liver-HCC::S.1,0.0,2830.0,4696.0,0.0,0.0,0.0,0.0,0.0,0.0,0.0,0.0,0.0,1139.0,0.0,0.0,0.0,0.0
Liver-HCC::S.2,0.0,3914.0,4443.0,0.0,333.0,0.0,0.0,0.0,470.0,0.0,0.0,0.0,0.0,0.0,0.0,0.0,6141.0
Liver-HCC::S.3,0.0,0.0,11027.0,0.0,2244.0,736.0,0.0,0.0,0.0,0.0,0.0,0.0,0.0,0.0,0.0,0.0,1305.0
Liver-HCC::S.4,0.0,0.0,8071.0,0.0,0.0,0.0,0.0,0.0,0.0,0.0,0.0,0.0,0.0,0.0,0.0,0.0,0.0
Liver-HCC::S.5,144.0,2105.0,2473.0,0.0,0.0,2153.0,0.0,0.0,0.0,0.0,0.0,0.0,0.0,0.0,0.0,0.0,0.0
Liver-HCC::S.6,361.0,0.0,6991.0,0.0,1127.0,0.0,0.0,0.0,0.0,0.0,0.0,0.0,0.0,0.0,0.0,0.0,6665.0
Liver-HCC::S.7,68.0,0.0,2400.0,0.0,2858.0,0.0,0.0,0.0,0.0,0.0,0.0,0.0,0.0,0.0,0.0,0.0,0.0
Liver-HCC::S.8,225.0,0.0,5080.0,0.0,553.0,532.0,0.0,0.0,0.0,275.0,0.0,0.0,0.0,0.0,0.0,0.0,0.0
Liver-HCC::S.9,148.0,0.0,7616.0,0.0,2154.0,737.0,0.0,0.0,0.0,0.0,0.0,0.0,0.0,0.0,0.0,0.0,0.0
Liver-HCC::S.10,172.0,0.0,8299.0,0.0,541.0,0.0,146.0,0.0,0.0,370.0,0.0,0.0,0.0,0.0,0.0,0.0,0.0
Liver-HCC::S.11,96.0,2328.0,8843.0,0.0,786.0,0.0,161.0,0.0,0.0,0.0,0.0,0.0,0.0,0.0,0.0,0.0,1160.0
Liver-HCC::S.12,188.0,1880.0,1804.0,0.0,1298.0,0.0,0.0,0.0,0.0,0.0,0.0,0.0,0.0,0.0,0.0,0.0,0.0
Liver-HCC::S.13,185.0,0.0,17191.0,0.0,0.0,892.0,0.0,0.0,0.0,280.0,0.0,0.0,1678.0,0.0,0.0,0.0,0.0
Liver-HCC::S.14,95.0,0.0,3329.0,0.0,3005.0,0.0,0.0,0.0,0.0,0.0,0.0,477.0,698.0,371.0,0.0,0.0,4453.0
Liver-HCC::S.15,72.0,0.0,1212.0,0.0,0.0,0.0,0.0,0.0,0.0,0.0,0.0,0.0,1593.0,0.0,0.0,0.0,2197.0
Liver-HCC::S.16,149.0,0.0,9292.0,0.0,1059.0,0.0,0.0,0.0,0.0,0.0,0.0,0.0,0.0,0.0,0.0,0.0,0.0
Liver-HCC::S.17,88.0,0.0,4060.0,0.0,6164.0,0.0,0.0,0.0,0.0,0.0,0.0,0.0,0.0,421.0,0.0,0.0,1629.0
Liver-HCC::S.18,507.0,0.0,1792.0,0.0,1752.0,314.0,0.0,0.0,249.0,0.0,0.0,0.0,425.0,0.0,0.0,0.0,0.0
Liver-HCC::S.19,314.0,0.0,8457.0,0.0,1780.0,540.0,188.0,0.0,0.0,0.0,0.0,0.0,889.0,0.0,0.0,0.0,0.0
Liver-HCC::S.20,0.0,0.0,3890.0,0.0,2270.0,1054.0,0.0,0.0,0.0,0.0,0.0,0.0,0.0,0.0,0.0,0.0,0.0
Liver-HCC::S.21,0.0,0.0,13405.0,0.0,293.0,838.0,259.0,0.0,0.0,0.0,0.0,0.0,0.0,0.0,0.0,0.0,0.0
Liver-HCC::S.22,0.0,0.0,1355.0,0.0,3056.0,435.0,0.0,0.0,0.0,0.0,0.0,0.0,0.0,0.0,0.0,0.0,0.0
Liver-HCC::S.23,0.0,0.0,5274.0,0.0,4798.0,692.0,0.0,0.0,0.0,0.0,0.0,0.0,0.0,0.0,0.0,0.0,0.0
Liver-HCC::S.24,0.0,0.0,2635.0,0.0,0.0,403.0,116.0,0.0,0.0,0.0,0.0,0.0,0.0,1451.0,0.0,0.0,0.0
Liver-HCC::S.25,124.0,552.0,9733.0,0.0,2458.0,0.0,0.0,0.0,0.0,0.0,0.0,0.0,0.0,0.0,0.0,0.0,0.0
Liver-HCC::S.26,0.0,0.0,8023.0,0.0,3528.0,0.0,0.0,0.0,0.0,0.0,0.0,0.0,0.0,0.0,0.0,0.0,0.0
Liver-HCC::S.27,157.0,1864.0,5458.0,0.0,0.0,0.0,0.0,0.0,0.0,1429.0,0.0,0.0,0.0,0.0,0.0,0.0,0.0
Liver-HCC::S.28,0.0,0.0,4399.0,0.0,0.0,0.0,0.0,87.0,0.0,0.0,0.0,0.0,0.0,224.0,0.0,0.0,3919.0
Liver-HCC::S.29,0.0,0.0,4517.0,0.0,3146.0,0.0,0.0,0.0,0.0,0.0,0.0,0.0,0.0,570.0,0.0,0.0,1155.0
Liver-HCC::S.30,0.0,0.0,2057.0,0.0,165.0,0.0,0.0,0.0,0.0,0.0,0.0,0.0,625.0,106.0,0.0,0.0,0.0
Liver-HCC::S.31,0.0,0.0,3667.0,0.0,3766.0,0.0,0.0,0.0,729.0,0.0,0.0,0.0,2702.0,212.0,0.0,0.0,0.0
Liver-HCC::S.32,0.0,0.0,3939.0,0.0,0.0,0.0,0.0,0.0,0.0,0.0,0.0,0.0,1587.0,0.0,0.0,0.0,4345.0
Liver-HCC::S.33,156.0,0.0,4716.0,284.0,2511.0,0.0,0.0,0.0,0.0,0.0,0.0,0.0,0.0,241.0,0.0,0.0,0.0
Liver-HCC::S.34,117.0,0.0,4327.0,0.0,6532.0,0.0,0.0,0.0,0.0,0.0,0.0,0.0,0.0,0.0,0.0,0.0,0.0
Liver-HCC::S.35,114.0,0.0,5226.0,0.0,3819.0,752.0,0.0,0.0,0.0,0.0,0.0,0.0,0.0,0.0,0.0,0.0,0.0
Liver-HCC::S.37,133.0,0.0,6458.0,0.0,2018.0,478.0,0.0,0.0,0.0,0.0,0.0,0.0,0.0,768.0,761.0,1828.0,0.0
Liver-HCC::S.38,250.0,0.0,3303.0,0.0,0.0,0.0,0.0,0.0,0.0,0.0,0.0,0.0,0.0,0.0,3208.0,0.0,0.0
Liver-HCC::S.39,99.0,0.0,4792.0,0.0,552.0,0.0,0.0,0.0,0.0,238.0,0.0,0.0,0.0,454.0,0.0,0.0,12665.0
Liver-HCC::S.40,169.0,3329.0,10178.0,0.0,364.0,0.0,0.0,0.0,0.0,0.0,0.0,0.0,0.0,473.0,0.0,0.0,0.0
Liver-HCC::S.41,0.0,0.0,7025.0,0.0,5709.0,2252.0,0.0,0.0,0.0,0.0,0.0,0.0,0.0,0.0,0.0,0.0,0.0
Liver-HCC::S.42,84.0,0.0,9784.0,0.0,580.0,0.0,153.0,0.0,0.0,0.0,0.0,0.0,0.0,0.0,0.0,0.0,0.0
Liver-HCC::S.43,240.0,457.0,1772.0,0.0,2580.0,0.0,0.0,0.0,0.0,0.0,0.0,0.0,1513.0,0.0,0.0,0.0,2972.0
Liver-HCC::S.44,318.0,0.0,11527.0,0.0,4241.0,1865.0,0.0,0.0,0.0,0.0,0.0,0.0,0.0,0.0,0.0,0.0,0.0
Liver-HCC::S.45,0.0,0.0,6830.0,0.0,3000.0,494.0,0.0,0.0,0.0,0.0,0.0,0.0,0.0,0.0,0.0,0.0,0.0
Liver-HCC::S.46,148.0,4576.0,11205.0,0.0,1786.0,0.0,0.0,323.0,0.0,0.0,261.0,0.0,0.0,0.0,0.0,0.0,0.0
Liver-HCC::S.47,192.0,4116.0,8599.0,0.0,0.0,1395.0,0.0,0.0,0.0,250.0,0.0,0.0,0.0,0.0,0.0,0.0,0.0
Liver-HCC::S.48,119.0,0.0,12162.0,0.0,864.0,0.0,0.0,0.0,0.0,0.0,0.0,0.0,0.0,0.0,0.0,0.0,0.0
Liver-HCC::S.49,181.0,0.0,7432.0,0.0,0.0,0.0,0.0,1555.0,0.0,165.0,0.0,0.0,890.0,0.0,0.0,0.0,0.0
Liver-HCC::S.50,0.0,0.0,9233.0,0.0,0.0,0.0,0.0,0.0,0.0,0.0,10345.0,0.0,1146.0,0.0,0.0,0.0,0.0
Liver-HCC::S.52,0.0,0.0,10332.0,0.0,1837.0,1364.0,0.0,0.0,0.0,0.0,0.0,0.0,975.0,0.0,0.0,0.0,7101.0
Liver-HCC::S.53,93.0,4314.0,8354.0,405.0,1208.0,0.0,0.0,0.0,0.0,0.0,0.0,0.0,0.0,0.0,0.0,0.0,0.0
Liver-HCC::S.54,0.0,3297.0,2687.0,0.0,2612.0,0.0,0.0,0.0,0.0,0.0,0.0,0.0,975.0,0.0,0.0,0.0,0.0
Liver-HCC::S.55,0.0,3267.0,2718.0,0.0,0.0,0.0,0.0,0.0,769.0,0.0,0.0,510.0,0.0,0.0,0.0,836.0,0.0
Liver-HCC::S.56,258.0,0.0,5741.0,0.0,0.0,763.0,0.0,0.0,754.0,3982.0,0.0,0.0,2029.0,0.0,1200.0,0.0,0.0
Liver-HCC::S.57,0.0,0.0,6883.0,0.0,2331.0,2105.0,0.0,0.0,0.0,0.0,0.0,0.0,0.0,0.0,0.0,0.0,0.0
Liver-HCC::S.58,0.0,0.0,19043.0,0.0,0.0,1338.0,0.0,0.0,791.0,0.0,0.0,0.0,0.0,865.0,0.0,0.0,0.0
Liver-HCC::S.59,277.0,0.0,5052.0,0.0,11692.0,0.0,198.0,0.0,0.0,0.0,0.0,727.0,0.0,0.0,0.0,4401.0,0.0
Liver-HCC::S.60,89.0,2936.0,2713.0,0.0,254.0,0.0,0.0,0.0,0.0,0.0,0.0,440.0,947.0,0.0,0.0,0.0,0.0
Liver-HCC::S.61,0.0,0.0,9173.0,0.0,5358.0,0.0,0.0,0.0,0.0,0.0,0.0,0.0,0.0,0.0,0.0,0.0,0.0
Liver-HCC::S.62,0.0,0.0,7429.0,0.0,1598.0,0.0,0.0,0.0,0.0,0.0,0.0,0.0,1247.0,377.0,0.0,0.0,0.0
Liver-HCC::S.63,139.0,0.0,10114.0,0.0,616.0,0.0,0.0,0.0,0.0,0.0,0.0,0.0,1406.0,0.0,0.0,0.0,0.0
Liver-HCC::S.64,0.0,0.0,8625.0,0.0,2602.0,0.0,0.0,0.0,0.0,0.0,0.0,0.0,0.0,0.0,0.0,0.0,0.0
Liver-HCC::S.65,0.0,0.0,8263.0,0.0,681.0,0.0,0.0,0.0,0.0,0.0,0.0,0.0,0.0,0.0,0.0,0.0,0.0
Liver-HCC::S.66,0.0,0.0,6946.0,0.0,729.0,0.0,105.0,0.0,0.0,0.0,0.0,0.0,0.0,0.0,0.0,0.0,0.0
Liver-HCC::S.67,0.0,1084.0,6093.0,0.0,1735.0,0.0,0.0,0.0,0.0,290.0,0.0,0.0,0.0,0.0,0.0,0.0,0.0
Liver-HCC::S.68,335.0,1728.0,10585.0,0.0,1457.0,0.0,0.0,0.0,0.0,0.0,0.0,0.0,0.0,0.0,0.0,0.0,0.0
Liver-HCC::S.69,0.0,0.0,6372.0,0.0,0.0,968.0,0.0,0.0,0.0,0.0,0.0,0.0,1114.0,0.0,0.0,0.0,0.0
Liver-HCC::S.70,0.0,2879.0,5867.0,0.0,1899.0,0.0,0.0,0.0,0.0,0.0,0.0,0.0,0.0,0.0,0.0,0.0,4592.0
Liver-HCC::S.71,156.0,0.0,9026.0,0.0,5634.0,0.0,0.0,148.0,0.0,0.0,0.0,0.0,0.0,285.0,0.0,0.0,0.0
Liver-HCC::S.72,0.0,0.0,4429.0,0.0,752.0,0.0,0.0,0.0,0.0,0.0,0.0,0.0,0.0,337.0,0.0,0.0,0.0
Liver-HCC::S.73,110.0,0.0,6415.0,0.0,3091.0,905.0,178.0,0.0,0.0,0.0,0.0,547.0,2384.0,0.0,0.0,0.0,0.0
Liver-HCC::S.74,0.0,0.0,5632.0,0.0,0.0,0.0,0.0,0.0,0.0,188.0,0.0,0.0,865.0,0.0,0.0,0.0,0.0
Liver-HCC::S.75,0.0,0.0,12345.0,0.0,2593.0,512.0,0.0,93.0,0.0,1172.0,0.0,0.0,0.0,0.0,0.0,0.0,0.0
Liver-HCC::S.76,134.0,0.0,9249.0,0.0,414.0,0.0,99.0,0.0,0.0,0.0,0.0,0.0,0.0,0.0,0.0,0.0,0.0
Liver-HCC::S.77,137.0,0.0,9007.0,0.0,3992.0,0.0,0.0,0.0,0.0,0.0,0.0,0.0,1713.0,301.0,0.0,0.0,0.0
Liver-HCC::S.78,114.0,0.0,7361.0,0.0,954.0,0.0,0.0,0.0,0.0,0.0,0.0,0.0,1093.0,0.0,0.0,0.0,0.0
Liver-HCC::S.79,567.0,0.0,5413.0,0.0,1763.0,0.0,0.0,0.0,0.0,243.0,0.0,0.0,0.0,0.0,0.0,0.0,0.0
Liver-HCC::S.80,145.0,0.0,6735.0,0.0,0.0,3351.0,0.0,0.0,0.0,591.0,0.0,0.0,956.0,0.0,0.0,0.0,10793.0
Liver-HCC::S.81,0.0,0.0,5964.0,0.0,0.0,0.0,0.0,0.0,0.0,0.0,0.0,0.0,0.0,190.0,0.0,0.0,0.0
Liver-HCC::S.82,0.0,0.0,9007.0,0.0,0.0,0.0,130.0,0.0,0.0,0.0,0.0,0.0,0.0,572.0,0.0,0.0,0.0
Liver-HCC::S.83,0.0,0.0,9102.0,0.0,0.0,0.0,0.0,0.0,0.0,0.0,0.0,0.0,0.0,0.0,0.0,0.0,0.0
Liver-HCC::S.84,0.0,5423.0,5204.0,0.0,4948.0,0.0,0.0,0.0,0.0,0.0,0.0,0.0,0.0,0.0,0.0,473.0,0.0
Liver-HCC::S.85,0.0,0.0,4782.0,0.0,3534.0,0.0,0.0,0.0,0.0,0.0,0.0,0.0,0.0,0.0,0.0,0.0,4557.0
Liver-HCC::S.86,251.0,1428.0,2653.0,0.0,1513.0,0.0,0.0,0.0,0.0,0.0,0.0,468.0,702.0,0.0,0.0,0.0,711.0
Liver-HCC::S.87,209.0,0.0,17629.0,0.0,1082.0,481.0,0.0,0.0,0.0,0.0,0.0,0.0,0.0,0.0,0.0,0.0,1321.0
Liver-HCC::S.88,0.0,0.0,9441.0,0.0,756.0,0.0,0.0,0.0,0.0,0.0,0.0,0.0,0.0,0.0,0.0,0.0,0.0
Liver-HCC::S.89,0.0,0.0,3845.0,0.0,4465.0,0.0,0.0,0.0,0.0,0.0,0.0,0.0,0.0,0.0,0.0,0.0,0.0
Liver-HCC::S.90,180.0,0.0,7697.0,0.0,416.0,0.0,0.0,0.0,0.0,0.0,0.0,0.0,875.0,0.0,0.0,0.0,0.0
Liver-HCC::S.91,0.0,0.0,3886.0,0.0,2876.0,0.0,0.0,0.0,0.0,0.0,0.0,0.0,0.0,0.0,0.0,0.0,0.0
Liver-HCC::S.92,80.0,0.0,4805.0,0.0,2077.0,0.0,0.0,0.0,0.0,0.0,0.0,0.0,0.0,0.0,0.0,0.0,0.0
Liver-HCC::S.93,100.0,0.0,4456.0,0.0,591.0,347.0,0.0,0.0,391.0,0.0,0.0,561.0,593.0,200.0,0.0,0.0,0.0
Liver-HCC::S.94,85.0,0.0,3106.0,268.0,2016.0,0.0,0.0,0.0,0.0,0.0,0.0,0.0,1044.0,0.0,0.0,0.0,0.0
Liver-HCC::S.95,0.0,1515.0,2017.0,0.0,1819.0,0.0,0.0,0.0,0.0,0.0,0.0,0.0,0.0,0.0,0.0,0.0,1809.0
Liver-HCC::S.96,179.0,0.0,3165.0,0.0,2730.0,0.0,0.0,0.0,0.0,0.0,0.0,0.0,957.0,0.0,0.0,0.0,0.0
Liver-HCC::S.97,695.0,0.0,8969.0,0.0,2182.0,0.0,0.0,0.0,762.0,0.0,0.0,473.0,0.0,0.0,0.0,0.0,0.0
Liver-HCC::S.98,181.0,0.0,6359.0,0.0,2977.0,816.0,0.0,0.0,0.0,0.0,3973.0,0.0,0.0,314.0,0.0,0.0,1481.0
Liver-HCC::S.99,90.0,0.0,7900.0,0.0,620.0,769.0,0.0,0.0,0.0,0.0,0.0,0.0,0.0,749.0,0.0,0.0,1080.0
