MutationType	Eso-AdenoCA::S.1	Eso-AdenoCA::S.2	Eso-AdenoCA::S.3	Eso-AdenoCA::S.4	Eso-AdenoCA::S.5	Eso-AdenoCA::S.6	Eso-AdenoCA::S.7	Eso-AdenoCA::S.8	Eso-AdenoCA::S.9	Eso-AdenoCA::S.10	Eso-AdenoCA::S.11	Eso-AdenoCA::S.12	Eso-AdenoCA::S.13	Eso-AdenoCA::S.14	Eso-AdenoCA::S.15	Eso-AdenoCA::S.16	Eso-AdenoCA::S.17	Eso-AdenoCA::S.18	Eso-AdenoCA::S.19	Eso-AdenoCA::S.20	Eso-AdenoCA::S.21	Eso-AdenoCA::S.22	Eso-AdenoCA::S.23	Eso-AdenoCA::S.24	Eso-AdenoCA::S.25	Eso-AdenoCA::S.26	Eso-AdenoCA::S.27	Eso-AdenoCA::S.28	Eso-AdenoCA::S.29	Eso-AdenoCA::S.30	Eso-AdenoCA::S.31	Eso-AdenoCA::S.32	Eso-AdenoCA::S.33	Eso-AdenoCA::S.34	Eso-AdenoCA::S.35	Eso-AdenoCA::S.36	Eso-AdenoCA::S.37	Eso-AdenoCA::S.38	Eso-AdenoCA::S.39	Eso-AdenoCA::S.40	Eso-AdenoCA::S.41	Eso-AdenoCA::S.42	Eso-AdenoCA::S.43	Eso-AdenoCA::S.44	Eso-AdenoCA::S.45	Eso-AdenoCA::S.46	Eso-AdenoCA::S.47	Eso-AdenoCA::S.48	Eso-AdenoCA::S.49	Eso-AdenoCA::S.50	Eso-AdenoCA::S.51	Eso-AdenoCA::S.52	Eso-AdenoCA::S.53	Eso-AdenoCA::S.54	Eso-AdenoCA::S.55	Eso-AdenoCA::S.56	Eso-AdenoCA::S.57	Eso-AdenoCA::S.58	Eso-AdenoCA::S.59	Eso-AdenoCA::S.60	Eso-AdenoCA::S.61	Eso-AdenoCA::S.62	Eso-AdenoCA::S.63	Eso-AdenoCA::S.64	Eso-AdenoCA::S.65	Eso-AdenoCA::S.66	Eso-AdenoCA::S.67	Eso-AdenoCA::S.68	Eso-AdenoCA::S.69	Eso-AdenoCA::S.70	Eso-AdenoCA::S.71	Eso-AdenoCA::S.72	Eso-AdenoCA::S.73	Eso-AdenoCA::S.74	Eso-AdenoCA::S.75	Eso-AdenoCA::S.76	Eso-AdenoCA::S.77	Eso-AdenoCA::S.78	Eso-AdenoCA::S.79	Eso-AdenoCA::S.80	Eso-AdenoCA::S.81	Eso-AdenoCA::S.82	Eso-AdenoCA::S.83	Eso-AdenoCA::S.84	Eso-AdenoCA::S.85	Eso-AdenoCA::S.86	Eso-AdenoCA::S.87	Eso-AdenoCA::S.88	Eso-AdenoCA::S.89	Eso-AdenoCA::S.90	Eso-AdenoCA::S.91	Eso-AdenoCA::S.92	Eso-AdenoCA::S.93	Eso-AdenoCA::S.94	Eso-AdenoCA::S.95	Eso-AdenoCA::S.96	Eso-AdenoCA::S.97	Eso-AdenoCA::S.98	Eso-AdenoCA::S.99	Eso-AdenoCA::S.100
A[C>A]A	410	720	507	71	440	132	85	286	459	502	288	665	98	1274	120	364	151	459	71	277	102	574	79	400	382	447	145	335	27	382	272	536	158	1	395	899	906	302	526	100	681	172	467	72	309	189	25	169	326	535	636	427	515	45	238	120	23	304	381	290	156	23	260	124	272	180	488	486	179	173	465	237	491	391	49	218	143	420	428	605	422	345	302	360	314	344	405	241	601	664	224	160	656	736	401	499	280	266	542	345
A[C>A]C	172	306	125	36	229	51	50	182	216	276	98	478	51	562	93	171	85	239	35	165	59	232	75	225	182	343	43	141	32	105	194	191	88	3	182	468	387	183	217	49	276	83	210	47	279	115	16	75	308	254	307	225	263	27	127	75	28	209	175	186	121	18	51	74	155	157	374	346	135	76	240	133	182	256	15	68	148	285	236	249	197	154	199	247	162	379	133	152	423	476	183	184	387	312	193	236	126	91	373	184
A[C>A]G	46	87	27	9	63	24	9	43	54	97	22	49	12	91	16	32	26	73	9	15	17	51	16	29	37	50	6	41	5	32	28	37	17	0	50	74	99	31	53	2	40	32	46	8	42	27	1	18	54	51	65	35	42	5	26	12	0	50	49	22	13	6	8	24	54	39	32	60	29	24	28	15	39	22	2	10	12	60	64	58	26	35	34	78	46	49	20	20	64	98	27	43	48	45	28	34	17	8	53	28
A[C>A]T	239	281	173	27	377	60	33	118	163	224	119	289	57	585	83	153	90	164	25	136	55	319	61	201	181	218	46	130	32	175	162	298	103	5	164	405	453	191	270	60	210	117	414	77	189	126	3	55	270	218	214	266	213	15	126	38	16	204	206	114	52	12	65	120	96	71	286	236	142	92	185	97	293	236	5	110	116	309	305	283	158	166	110	228	119	224	193	152	364	344	139	141	425	228	260	216	118	80	347	191
A[C>G]A	157	255	83	38	265	67	33	182	251	287	62	357	47	605	87	243	105	197	51	157	67	154	47	142	134	266	38	143	25	101	230	181	50	4	147	394	457	181	290	27	261	169	227	62	155	186	16	88	382	106	140	198	212	23	125	70	22	144	239	77	118	26	28	70	179	228	261	233	81	82	112	124	171	193	20	96	152	322	197	148	111	157	149	231	205	332	123	66	335	392	119	149	242	327	185	275	181	51	295	109
A[C>G]C	85	230	58	30	82	31	23	102	123	150	44	250	30	363	59	92	75	132	24	73	60	114	27	79	76	222	53	117	14	67	127	140	24	2	92	216	320	103	144	25	226	79	154	18	138	79	10	53	267	70	114	160	170	6	114	48	3	137	128	43	56	12	26	60	81	112	203	151	58	57	46	104	90	128	11	71	96	262	125	111	105	118	115	83	90	219	63	32	205	198	107	92	193	116	82	135	77	22	144	78
A[C>G]G	27	57	28	8	21	11	3	21	30	58	18	30	14	55	8	46	12	65	6	34	14	33	5	31	30	58	10	25	1	33	35	32	5	0	28	55	66	51	50	6	22	30	32	6	22	32	2	20	66	20	52	52	34	6	16	18	3	24	32	21	2	3	14	12	31	42	33	31	17	13	25	24	32	37	1	10	4	58	51	34	24	16	21	51	31	31	14	22	21	98	14	29	43	43	38	35	20	4	44	27
A[C>G]T	174	352	114	76	159	78	36	212	212	446	55	338	70	503	95	201	133	261	64	135	76	147	57	136	182	254	40	121	31	127	174	194	71	5	227	398	591	167	324	29	345	119	225	51	169	114	11	103	349	182	259	315	283	28	190	77	11	154	333	58	111	13	53	64	201	209	322	227	87	106	128	86	209	143	2	140	150	315	224	219	107	221	170	317	179	266	98	77	479	401	191	164	237	199	167	205	117	45	311	120
A[C>T]A	359	635	167	202	355	282	154	582	516	610	239	1007	248	732	306	389	306	427	206	409	291	258	185	406	301	567	152	268	139	252	477	254	256	39	410	1225	818	469	573	118	565	450	526	192	466	351	114	212	787	329	581	419	463	128	382	267	159	467	501	232	198	97	108	156	512	441	548	410	181	256	244	402	380	461	72	165	192	1036	586	389	256	535	497	480	229	760	408	255	454	1030	444	768	576	764	342	506	270	191	613	603
A[C>T]C	249	447	81	109	221	146	71	422	308	397	98	343	114	348	146	242	251	276	82	190	114	108	103	153	194	351	96	169	89	113	389	233	152	17	223	401	364	381	390	54	239	412	301	124	267	180	27	149	646	233	292	320	279	45	297	103	43	275	310	133	121	31	78	105	206	416	354	339	112	136	115	172	204	336	28	101	188	488	176	299	148	265	259	177	177	432	180	157	326	412	298	411	247	357	216	219	121	96	446	261
A[C>T]G	800	185	391	1034	1863	416	567	1544	585	479	1581	1113	373	812	793	1317	687	462	1147	553	390	730	903	654	526	499	1087	275	494	758	666	276	482	438	545	702	305	1062	1250	408	631	1104	704	334	1221	376	583	125	554	353	722	520	679	461	274	592	1656	852	430	574	1106	1030	373	573	271	522	1244	868	582	1103	290	1376	370	468	685	838	455	637	1246	476	664	1612	318	556	208	548	1476	336	864	524	775	555	331	482	533	571	1197	796	698	739
A[C>T]T	363	467	113	97	351	153	109	324	228	515	143	590	168	380	156	359	295	353	110	381	148	289	135	241	175	392	122	265	38	230	285	227	152	7	216	876	561	398	366	69	404	504	353	195	668	327	19	158	1217	243	338	348	452	54	258	137	67	442	380	218	151	38	71	127	211	511	365	322	139	169	187	210	280	275	35	180	170	736	183	398	316	431	346	233	208	633	330	272	395	646	255	697	375	893	237	318	222	167	361	454
A[T>A]A	117	148	40	45	167	61	29	128	153	142	36	232	56	256	59	76	118	116	36	135	50	102	32	110	81	198	64	75	17	76	92	99	77	4	82	292	220	139	136	29	136	144	167	40	178	80	8	67	309	86	160	105	148	11	98	50	12	92	137	76	56	13	29	32	118	170	149	123	44	43	58	88	90	87	13	33	63	228	107	129	91	95	96	173	111	129	58	66	152	262	84	144	172	288	77	116	76	49	154	114
A[T>A]C	89	140	28	35	92	81	51	96	154	131	33	151	43	236	45	92	57	72	31	119	68	43	41	97	67	128	25	75	21	51	115	84	34	5	71	203	148	126	151	15	122	116	77	33	72	62	10	35	290	101	140	109	95	29	86	55	16	108	129	46	58	23	34	36	84	119	165	79	54	49	41	58	86	105	21	43	61	102	117	155	61	108	80	104	97	223	51	51	153	149	116	159	97	125	70	73	53	46	189	125
A[T>A]G	102	156	51	61	117	47	36	177	232	207	46	233	67	210	70	79	143	195	34	93	70	102	28	84	92	231	27	136	16	60	183	110	67	3	121	421	213	129	126	35	205	127	191	47	151	124	9	70	415	119	167	135	126	26	138	51	8	99	215	54	65	7	31	36	96	227	191	190	40	51	63	101	71	135	3	53	111	217	112	199	61	134	140	113	61	273	71	88	261	201	142	188	219	173	69	116	65	47	189	126
A[T>A]T	118	305	102	33	174	74	33	66	149	242	81	225	62	330	44	198	99	172	28	144	67	153	38	161	152	160	71	140	21	90	197	198	92	10	194	314	265	135	204	32	142	128	141	38	159	82	23	53	220	130	168	131	190	11	78	55	17	143	190	120	73	23	37	55	95	130	280	199	91	74	141	75	235	192	32	89	84	225	174	178	181	205	150	196	146	170	88	59	182	346	131	161	353	139	111	165	97	34	176	139
A[T>C]A	384	939	122	189	551	308	185	757	614	612	93	1048	328	594	273	348	530	410	190	482	278	292	132	364	255	940	90	321	221	235	827	323	249	5	346	2013	605	563	545	117	502	658	557	282	1068	331	11	173	1849	428	887	511	580	106	683	296	22	587	646	273	126	61	171	109	426	1531	499	499	141	199	173	312	270	475	4	95	246	890	214	472	195	498	686	435	430	1729	398	442	477	1504	595	964	469	875	361	371	332	192	943	612
A[T>C]C	143	454	60	117	146	158	116	227	292	229	79	279	75	297	174	289	78	201	95	204	230	165	193	310	240	310	199	198	40	199	230	324	97	28	239	511	206	175	118	78	194	232	172	61	287	191	125	79	676	162	361	268	273	23	230	105	54	197	219	292	198	200	121	59	130	261	284	213	154	151	82	285	96	423	157	62	129	321	159	276	480	200	235	240	223	389	95	185	252	480	220	406	146	427	106	238	226	109	338	157
A[T>C]G	418	582	117	150	362	208	144	765	578	569	87	665	316	480	180	163	419	297	109	387	223	243	87	404	175	459	66	462	123	158	719	298	190	2	155	1531	413	721	432	62	406	582	456	193	478	408	2	149	1435	402	441	373	623	95	556	306	43	395	422	209	96	27	52	118	385	718	348	359	147	103	161	192	227	348	5	119	233	1196	293	575	245	418	628	284	352	567	269	429	477	1603	603	852	387	1055	185	249	337	184	757	580
A[T>C]T	445	793	165	294	409	238	219	492	528	499	117	705	220	488	227	299	589	520	224	446	411	256	173	383	410	521	167	453	108	226	923	340	241	13	411	1229	781	442	615	125	546	724	494	215	403	334	100	205	1242	470	901	592	557	99	512	270	66	513	688	387	251	120	131	175	420	469	473	743	275	236	165	284	311	430	108	145	273	1011	343	805	470	418	766	432	464	825	488	293	548	1696	868	984	508	1138	273	426	343	170	572	558
A[T>G]A	72	192	50	32	140	140	28	100	129	215	43	181	65	204	24	219	47	140	10	172	73	111	70	87	94	106	56	101	13	39	102	165	30	18	132	236	222	98	167	29	111	57	169	38	159	68	13	52	141	77	61	142	165	11	84	23	14	115	100	43	39	18	32	70	88	88	116	176	66	74	82	55	120	130	18	46	44	159	97	98	69	108	69	165	128	166	42	28	114	154	93	78	136	157	179	143	84	41	112	31
A[T>G]C	54	144	108	9	144	308	84	48	113	206	35	167	63	313	25	277	56	66	18	265	92	199	75	158	80	162	28	86	12	55	110	161	21	34	83	229	141	98	97	50	74	42	184	33	237	86	39	70	106	80	57	217	145	59	133	34	16	112	190	38	46	19	47	78	57	88	151	159	65	194	74	56	148	87	17	62	27	118	112	106	82	132	79	165	159	138	74	38	175	220	61	74	149	110	102	169	67	46	53	55
A[T>G]G	105	201	76	33	208	97	38	206	141	232	43	257	42	243	38	232	68	123	66	152	98	116	118	120	108	260	44	142	29	90	196	153	71	7	168	349	204	198	181	25	205	103	192	72	257	87	13	39	318	88	153	174	136	28	112	100	15	139	172	61	36	17	38	84	82	99	177	101	69	79	50	110	118	161	17	65	69	215	137	165	79	89	136	309	101	240	71	55	163	274	202	165	144	196	101	141	95	63	146	117
A[T>G]T	179	723	765	82	244	3531	877	325	1139	935	763	866	1659	4343	93	1710	331	499	150	4317	3468	713	591	1081	733	930	543	1204	100	418	897	1191	129	553	383	884	732	738	238	493	383	222	608	317	1796	468	479	344	443	1738	397	1186	622	833	1378	168	279	1634	1153	445	739	288	512	1189	368	705	1226	861	258	1355	652	585	1273	463	249	194	155	200	458	1044	860	814	854	1442	1198	1138	895	90	1263	1467	144	726	637	1202	268	260	249	433	214	360
C[C>A]A	337	405	332	28	216	60	41	140	352	455	215	478	50	1013	101	194	82	224	35	178	88	543	50	423	365	444	69	213	16	343	298	474	211	2	295	551	641	261	394	103	437	121	374	56	309	138	6	97	181	552	746	451	298	21	143	50	3	340	374	455	120	8	227	145	186	161	405	279	109	111	532	76	561	214	3	238	250	425	499	463	522	269	187	285	182	276	399	190	505	783	180	193	699	532	195	232	221	186	625	468
C[C>A]C	182	329	181	43	316	39	38	131	172	292	112	513	28	591	95	224	77	162	21	88	22	198	53	208	160	250	55	119	29	162	216	220	61	3	155	494	454	137	228	45	442	87	192	35	203	129	13	61	277	225	220	258	214	9	112	42	14	161	188	158	191	20	71	84	103	127	391	273	71	91	225	107	205	167	20	162	356	302	251	417	186	131	154	271	111	346	146	179	511	367	128	114	347	260	243	218	170	121	423	198
C[C>A]G	63	76	80	15	86	16	16	45	47	54	27	71	16	121	25	38	36	54	21	43	26	67	19	115	58	90	10	40	5	50	99	23	27	0	51	150	98	61	40	12	62	41	44	16	96	32	1	16	129	122	203	72	40	8	46	27	6	47	63	71	22	4	31	9	44	49	77	25	21	25	90	38	54	44	0	28	15	74	31	90	84	42	48	28	40	64	83	60	71	208	59	75	92	122	35	64	51	30	125	85
C[C>A]T	191	226	227	27	313	83	34	102	155	279	164	347	58	546	65	218	106	266	23	118	42	242	20	253	187	297	50	120	32	197	277	183	92	1	183	452	521	157	215	45	247	48	180	35	249	112	3	48	223	386	387	271	238	25	81	40	8	125	161	165	90	7	88	73	128	115	298	251	138	91	292	73	286	167	5	109	135	256	245	437	280	121	123	246	114	230	209	160	274	546	125	159	614	394	232	343	143	98	371	227
C[C>G]A	84	242	60	41	163	68	38	146	105	304	36	248	26	346	84	111	67	129	29	101	52	100	29	81	101	157	47	116	11	72	150	109	44	2	132	247	399	117	106	14	279	105	134	34	115	84	17	42	231	57	175	159	154	26	105	61	6	88	142	63	136	8	14	49	72	128	251	188	64	46	69	87	108	104	11	55	184	208	107	109	59	139	116	111	116	177	91	40	245	249	130	116	229	234	80	136	86	30	238	101
C[C>G]C	102	181	44	39	172	50	36	205	202	316	33	276	59	364	65	133	170	137	42	135	48	116	32	122	121	189	43	143	30	79	114	105	48	1	134	395	261	122	186	32	264	115	208	49	128	91	5	72	291	94	189	115	141	31	112	80	9	138	204	66	62	7	20	48	94	185	291	119	74	64	79	68	189	185	3	78	123	268	79	158	105	160	143	127	120	347	95	73	283	293	117	165	200	236	117	199	75	47	176	73
C[C>G]G	30	44	25	18	40	9	14	34	42	53	23	67	14	96	22	21	22	36	10	25	13	32	8	24	31	44	15	34	6	19	68	37	12	1	18	99	60	37	55	9	30	31	49	10	51	21	2	20	78	55	64	40	41	2	53	22	4	20	37	29	20	1	27	10	21	34	47	36	12	15	25	26	23	39	4	17	22	48	51	60	27	22	20	36	32	57	33	27	27	80	53	89	55	101	25	47	24	26	65	49
C[C>G]T	199	325	102	73	305	80	21	165	174	281	61	399	52	526	125	197	125	217	38	138	77	179	41	189	98	236	71	138	32	150	159	284	48	1	200	488	456	207	266	25	349	89	224	35	204	136	19	104	335	133	160	230	233	43	136	77	12	243	301	92	118	5	34	75	160	177	391	152	190	101	104	111	187	203	3	77	192	279	147	237	97	213	172	258	146	307	62	124	333	332	156	158	325	302	233	217	84	69	340	120
C[C>T]A	322	507	197	69	472	111	96	220	364	751	111	565	106	603	103	200	256	397	79	250	95	291	71	279	239	502	68	257	61	240	399	348	127	2	280	783	433	255	390	73	431	253	484	142	247	248	16	199	742	292	461	411	504	46	263	219	35	344	325	135	80	28	97	114	311	294	359	323	156	148	206	238	254	463	5	156	170	784	301	417	220	311	286	362	269	699	181	152	489	681	324	428	452	411	391	275	246	134	424	263
C[C>T]C	267	439	115	89	381	145	60	325	367	382	74	474	86	743	147	229	211	345	104	278	152	237	79	208	226	427	86	297	44	256	306	188	172	4	233	761	530	460	419	82	372	176	396	85	347	211	20	181	810	272	272	466	376	34	212	149	14	277	387	130	99	27	71	87	285	310	523	347	172	150	187	239	411	347	21	144	195	757	246	313	238	206	350	357	255	566	145	166	454	485	460	463	377	454	254	249	150	74	341	233
C[C>T]G	584	304	288	448	520	454	470	608	627	359	1113	1045	395	579	609	899	598	325	718	337	506	390	322	382	456	472	579	377	536	257	687	304	327	181	462	861	279	858	1115	251	397	953	1028	241	513	376	454	107	793	408	600	507	364	242	439	340	608	684	255	452	1237	573	357	366	261	553	545	540	407	577	401	906	448	352	476	572	326	531	649	543	589	590	317	450	207	484	886	379	366	747	516	688	340	799	291	434	559	471	494	647
C[C>T]T	330	664	160	124	575	144	132	482	460	567	108	691	130	714	159	349	240	344	92	258	161	241	112	238	269	614	100	358	82	231	445	361	90	5	316	1147	687	414	699	103	462	505	446	106	459	239	12	158	934	309	509	406	490	37	328	172	36	420	585	147	113	25	62	133	293	458	481	386	166	174	234	199	298	343	25	86	258	794	250	455	245	371	326	272	281	634	168	220	611	799	316	598	600	565	204	293	226	74	515	265
C[T>A]A	37	52	17	21	27	34	12	91	44	37	12	115	23	158	40	18	54	40	17	54	23	10	20	29	20	64	5	15	12	23	45	14	19	1	26	108	143	53	19	11	159	46	44	21	70	39	2	13	185	34	69	50	36	10	48	15	10	36	63	37	41	7	20	9	37	36	103	17	12	26	17	33	21	41	7	14	106	129	13	38	34	40	83	24	37	145	29	23	152	101	30	83	37	88	20	19	22	13	144	49
C[T>A]C	199	675	109	182	257	356	423	126	254	316	101	497	85	532	231	636	124	169	131	389	557	173	312	450	671	351	455	149	26	256	229	613	129	97	230	658	383	117	133	141	305	253	221	28	367	179	302	116	373	431	354	449	255	31	180	87	113	266	277	538	351	305	181	104	136	180	457	280	422	355	165	846	191	438	541	74	260	176	202	219	1311	170	139	404	356	224	370	148	414	332	127	297	148	214	79	376	440	116	466	268
C[T>A]G	109	371	33	81	74	163	113	118	132	137	39	209	40	298	126	132	80	88	82	144	123	72	92	176	231	168	253	77	17	102	150	195	58	26	93	239	182	90	138	49	152	132	70	28	236	75	158	54	230	115	168	268	155	9	113	44	30	80	131	205	160	84	66	27	55	106	201	117	129	121	56	240	57	248	192	37	172	109	108	139	409	94	100	160	129	184	98	108	279	222	89	190	75	191	51	98	103	73	165	181
C[T>A]T	198	1563	153	302	269	804	665	228	586	579	233	805	138	1172	444	854	138	411	295	824	903	256	497	948	1252	651	737	276	29	437	386	1237	346	172	426	726	328	222	174	261	323	397	183	55	530	259	527	220	712	476	447	949	615	171	254	79	213	397	379	546	685	635	429	154	105	279	542	528	888	858	265	1397	200	1263	1092	90	469	196	335	323	2274	277	191	707	454	311	371	316	387	603	155	542	209	420	89	588	487	271	877	445
C[T>C]A	200	615	68	128	183	183	126	330	284	330	52	370	85	359	105	251	147	296	65	218	198	161	174	339	213	289	206	227	29	102	190	314	110	18	173	658	286	142	195	41	304	326	241	111	213	123	120	101	554	166	301	287	249	30	195	170	49	275	254	250	184	87	67	53	135	336	288	286	170	173	139	188	113	361	122	53	156	194	202	269	471	204	258	314	209	265	196	138	365	398	200	219	287	296	158	271	177	64	389	139
C[T>C]C	462	2235	136	649	540	1266	837	509	540	926	324	1481	277	965	858	1503	266	660	613	1009	1515	571	1688	1805	4089	1239	2105	370	53	1068	781	1415	674	252	550	2183	404	189	238	333	437	755	152	88	1022	474	1357	553	2000	1097	846	2294	1479	106	321	264	309	561	614	2314	1557	1487	800	197	106	587	1620	1198	1789	1436	449	3853	321	2847	1806	90	683	345	382	559	5734	769	359	1139	1181	514	598	275	610	877	272	1001	252	604	141	1178	1175	595	880	803
C[T>C]G	364	1246	122	347	453	864	653	700	775	442	241	853	276	682	378	1166	253	479	413	688	871	312	753	927	1727	742	1038	243	60	543	589	1237	549	131	464	1386	369	272	294	243	387	626	312	175	897	477	761	246	1282	677	955	1372	1039	123	484	220	359	444	465	1037	552	842	394	142	240	601	804	598	778	709	295	1422	290	1650	981	84	437	443	395	504	2098	585	536	526	714	548	547	354	301	489	326	1320	332	514	280	708	683	335	795	478
C[T>C]T	941	11980	312	2004	1091	2757	3441	959	1863	1773	982	3146	653	2349	2701	4286	529	1472	1643	2150	4878	1579	4054	4517	7330	2143	3226	879	76	1653	2284	4704	1247	764	1439	3271	532	285	281	973	577	3725	353	315	2533	1675	2619	1168	3861	2011	2227	8038	3579	296	1102	546	1604	1330	1165	3794	4392	4754	1360	320	309	1275	1957	2417	4182	4208	1421	6902	808	4836	5344	108	2264	402	812	1008	8790	1328	680	1934	2036	957	1614	1234	867	1492	443	3238	422	1920	196	6437	2246	994	2765	2283
C[T>G]A	46	89	38	12	47	119	39	78	87	95	28	107	58	194	27	145	41	48	14	87	69	104	113	65	34	55	25	61	6	34	137	68	17	20	44	146	115	83	59	17	120	67	67	24	202	43	16	42	98	73	68	88	90	55	96	16	9	65	102	35	52	12	39	43	38	53	143	110	24	105	33	49	91	60	9	19	51	74	79	58	24	63	64	95	75	86	42	20	153	126	43	72	52	72	39	52	45	24	47	34
C[T>G]C	82	261	387	23	116	1662	351	194	367	377	216	390	448	1510	30	450	175	121	42	1472	1304	221	105	598	190	507	127	905	57	153	577	328	81	260	140	366	261	338	130	304	170	88	190	215	853	326	198	154	380	505	204	648	197	394	795	84	74	873	567	166	258	303	187	596	132	486	493	268	54	455	226	155	430	110	96	80	85	125	177	446	138	285	321	713	520	555	658	55	640	647	72	225	205	643	81	108	164	297	144	154
C[T>G]G	79	176	151	37	90	1224	131	125	160	297	116	358	334	669	51	295	128	122	42	801	466	146	104	254	122	275	42	324	48	107	356	210	49	84	142	325	263	264	130	182	240	84	199	183	306	189	81	102	359	347	187	429	214	218	479	81	57	280	280	99	244	96	104	153	134	311	401	287	36	269	129	133	188	86	21	62	112	158	151	243	73	195	169	520	275	346	174	74	441	425	106	256	209	306	93	80	84	141	160	123
C[T>G]T	252	1557	4855	208	285	37766	6287	2439	7718	4750	3689	4701	9947	21084	69	2489	1752	897	436	44006	20595	1205	716	4898	1935	2959	1985	7422	824	1974	8849	7743	533	4672	834	5315	3079	6604	155	4186	1896	1057	1088	6612	6990	3018	3716	2772	2973	9416	2990	5130	2824	5767	11969	781	1419	15693	5994	1537	2896	3281	3440	5385	1865	8870	10012	3679	228	6848	2058	2087	4079	535	1695	794	411	310	1484	5999	1303	3993	4548	11041	8764	9982	9874	461	7534	7477	176	3307	1377	10271	401	357	1234	2675	215	1498
G[C>A]A	454	283	582	71	258	108	62	139	255	472	459	472	100	734	66	177	68	259	43	224	122	550	51	616	430	509	78	137	32	373	495	366	178	9	227	677	614	251	298	137	245	158	291	62	282	135	25	83	355	1086	1179	466	320	33	152	79	24	226	236	729	55	24	223	81	174	168	245	250	99	96	862	135	502	192	30	92	101	259	340	976	753	176	178	319	179	334	677	337	229	863	180	222	771	559	201	188	307	290	684	529
G[C>A]C	207	287	113	44	153	49	40	230	185	258	117	289	51	308	44	115	61	218	27	116	42	180	43	187	138	232	56	133	16	132	206	117	77	2	206	417	311	206	270	25	268	159	211	50	142	103	13	73	420	233	340	240	224	19	96	88	15	184	179	104	60	14	69	56	130	139	294	159	57	74	183	101	133	126	9	57	133	237	174	194	156	133	122	154	124	205	146	154	209	308	113	114	294	344	112	219	119	73	414	208
G[C>A]G	31	54	51	5	72	18	9	43	37	66	33	78	10	111	16	38	32	50	12	30	21	53	10	71	44	76	13	34	4	37	49	56	22	0	58	111	92	49	45	13	55	47	54	15	53	25	1	16	92	61	109	66	49	8	29	8	2	29	51	40	19	3	28	15	30	37	55	41	21	25	74	23	49	29	2	28	25	60	42	82	38	33	46	52	24	37	72	44	51	105	35	62	99	87	38	46	33	21	85	77
G[C>A]T	206	144	275	38	167	98	39	111	190	269	264	342	43	682	31	125	80	100	26	82	88	367	42	334	445	309	40	137	20	220	311	273	213	4	189	357	490	150	231	81	190	143	211	48	275	133	4	48	259	616	589	285	167	10	106	55	4	131	156	247	76	12	254	49	186	187	200	203	59	105	311	61	246	173	1	69	89	158	181	555	397	139	120	243	107	159	304	289	230	380	161	185	454	468	162	132	189	231	581	365
G[C>G]A	52	198	31	24	102	31	20	125	67	244	17	207	23	261	52	73	110	104	24	68	43	52	33	65	54	112	32	81	8	58	109	64	22	2	85	208	236	83	82	16	174	104	89	17	102	58	5	35	145	55	100	92	76	10	54	50	8	86	133	30	76	11	16	17	103	85	181	108	46	41	36	75	70	100	11	41	153	123	54	86	54	73	75	65	53	111	56	46	175	161	78	131	89	96	57	118	56	34	204	47
G[C>G]C	70	121	36	23	119	32	28	64	114	163	20	180	31	286	43	63	53	107	17	64	40	83	17	91	54	134	34	80	17	51	120	100	30	4	81	284	229	106	100	16	179	75	119	27	102	52	10	46	160	60	80	105	99	14	68	61	6	87	106	51	31	9	29	37	76	95	175	106	26	31	39	74	73	83	19	45	95	123	72	101	68	103	55	105	80	179	51	44	190	105	39	109	116	150	54	110	61	17	121	66
G[C>G]G	22	31	11	10	25	8	6	19	19	27	7	41	17	66	10	29	13	20	7	8	5	16	5	22	15	44	9	11	3	10	33	12	6	0	6	49	47	23	49	3	38	14	33	10	20	13	1	20	45	23	25	30	15	6	22	17	3	16	26	8	12	4	8	5	23	34	39	34	3	5	19	17	14	20	0	12	17	41	28	21	12	17	32	25	13	34	15	14	50	44	18	40	24	36	17	15	4	10	39	19
G[C>G]T	93	315	54	37	148	32	16	138	151	129	22	316	26	328	82	102	60	92	19	85	46	100	27	79	65	222	30	83	19	74	132	89	62	1	129	267	247	153	196	19	251	126	126	41	99	61	12	44	252	70	112	115	132	13	89	75	10	98	129	36	95	4	18	56	106	98	239	154	46	66	54	96	119	69	16	53	117	274	140	94	86	132	159	180	82	175	44	53	282	309	106	138	158	201	76	129	86	38	251	56
G[C>T]A	165	381	227	101	277	137	92	306	337	577	113	474	104	464	190	261	259	260	132	287	159	223	95	238	206	366	92	213	69	185	325	259	143	8	268	740	427	329	374	60	435	450	334	106	294	266	41	112	1024	276	322	261	386	58	295	166	34	229	323	211	145	40	107	65	248	293	250	318	125	96	169	192	275	241	28	107	148	513	239	383	201	330	263	389	263	465	179	184	446	831	284	376	373	412	193	235	181	93	361	382
G[C>T]C	197	344	117	113	305	150	85	384	251	372	83	490	137	448	91	209	255	313	90	277	105	177	71	244	167	389	37	244	40	111	369	158	176	3	160	712	442	297	334	71	327	380	348	121	293	166	7	123	620	199	448	251	313	31	303	207	12	232	269	154	111	10	54	77	250	428	290	337	71	74	163	177	270	243	1	85	226	742	210	299	172	229	472	185	250	591	212	187	293	682	263	270	345	667	154	344	153	98	462	280
G[C>T]G	546	214	308	457	367	422	298	920	522	232	1062	731	555	472	788	728	545	520	463	365	392	366	449	629	336	438	445	243	608	383	521	188	350	312	486	545	318	983	589	240	255	537	882	222	771	400	463	94	925	397	775	497	458	399	319	362	836	707	240	350	1069	484	381	264	248	539	456	326	480	621	361	584	240	346	417	473	491	440	1024	332	575	1351	265	383	195	440	741	222	398	677	680	587	298	605	343	339	651	559	474	617
G[C>T]T	241	316	109	108	308	93	97	336	266	427	68	472	114	353	102	183	176	156	93	260	110	153	66	229	100	432	55	181	70	119	353	186	108	0	148	744	407	250	224	52	317	344	201	76	250	145	3	104	663	131	262	246	247	27	290	110	10	219	290	159	73	11	79	56	195	315	323	228	92	66	154	153	156	259	1	125	124	558	167	422	145	208	262	192	119	518	178	172	276	623	305	231	289	465	198	182	135	92	370	153
G[T>A]A	30	90	28	18	44	31	11	91	43	73	17	120	28	150	25	47	33	53	18	64	32	54	19	50	23	86	14	24	10	39	79	40	33	1	62	139	106	43	61	17	129	75	61	17	71	32	1	19	133	40	47	71	43	12	55	31	0	46	61	33	29	3	12	18	35	74	89	54	16	13	29	39	40	50	1	31	65	81	55	52	37	46	49	49	42	101	55	34	164	85	55	68	70	96	46	64	33	21	106	43
G[T>A]C	42	176	36	29	66	42	32	42	79	103	34	132	18	247	59	52	42	53	24	52	57	55	30	91	103	105	79	36	8	55	75	73	45	7	102	156	174	66	67	17	176	51	79	7	98	53	20	27	102	38	90	70	76	19	64	34	17	72	83	84	72	28	37	26	30	110	147	58	44	44	32	101	62	104	43	50	77	80	82	87	104	49	52	73	60	85	46	25	121	84	42	73	66	100	45	66	50	36	101	52
G[T>A]G	81	61	40	36	73	36	20	81	90	146	27	256	31	306	41	81	63	61	25	53	16	48	32	62	50	111	22	51	3	60	69	87	34	3	72	180	154	83	80	15	221	72	73	26	86	47	9	31	167	61	93	64	116	12	84	28	8	75	96	41	57	8	15	18	73	57	207	70	31	29	43	45	88	63	13	31	141	87	103	45	53	63	78	108	53	136	37	32	274	129	79	66	88	116	54	119	44	17	155	69
G[T>A]T	99	295	40	35	108	154	68	68	117	170	68	211	38	430	85	109	37	100	35	129	112	71	57	143	118	154	75	77	14	97	86	161	46	23	109	257	228	80	61	31	227	82	78	34	134	80	64	36	198	107	126	197	129	30	99	27	13	125	150	64	102	54	54	66	57	99	260	149	82	73	76	119	65	189	75	42	93	156	114	87	145	80	102	133	106	139	98	53	191	197	47	97	127	101	81	115	94	46	147	60
G[T>C]A	146	248	25	54	115	58	65	244	178	184	29	249	82	244	61	71	132	157	51	168	109	47	29	148	92	199	24	120	35	60	349	110	65	0	126	302	270	195	177	25	220	289	148	90	141	113	3	54	463	136	186	107	152	40	206	109	14	131	163	68	57	14	23	40	114	223	137	148	38	42	54	83	90	138	2	71	87	372	104	181	86	170	173	136	111	368	93	99	172	525	83	272	177	350	76	142	83	53	341	184
G[T>C]C	135	577	50	117	129	210	170	156	178	149	67	294	74	274	112	237	134	112	75	200	199	109	150	251	366	276	260	90	33	112	185	252	116	46	83	425	188	152	129	69	137	190	102	54	195	125	88	94	327	221	310	253	235	24	132	58	57	158	157	268	191	126	71	33	122	133	210	195	203	209	88	377	146	330	215	31	123	233	85	157	582	171	160	177	173	194	152	93	187	346	116	211	95	306	76	203	140	52	292	180
G[T>C]G	178	249	71	99	164	225	80	256	213	189	59	282	99	324	119	183	224	165	72	258	212	118	97	220	176	279	110	152	42	101	274	166	109	10	119	421	214	196	154	51	187	338	159	105	222	130	45	99	332	160	306	231	166	73	180	117	24	232	147	140	94	41	68	44	158	334	220	166	71	82	82	142	141	158	42	47	106	340	159	209	213	188	295	146	137	414	222	140	250	406	185	371	197	530	95	87	141	81	314	235
G[T>C]T	135	335	66	75	198	156	75	303	226	200	60	241	80	414	89	217	236	165	73	282	171	111	91	175	150	219	79	146	30	106	217	209	124	17	138	468	307	201	189	69	252	160	185	87	225	182	41	69	606	150	215	277	233	41	265	158	29	213	177	119	142	47	55	63	137	333	278	189	93	134	126	205	146	151	102	69	118	463	121	268	305	129	221	195	167	467	183	107	311	274	190	247	122	434	92	180	126	103	267	202
G[T>G]A	27	78	17	6	48	38	15	29	46	71	11	93	25	121	20	50	34	43	9	56	29	43	24	29	26	84	17	46	5	22	60	42	28	1	36	76	83	39	29	9	99	42	51	15	63	14	4	29	112	45	84	66	69	12	31	23	4	40	65	19	29	11	16	18	40	65	69	44	29	17	29	34	35	51	9	14	51	63	46	46	31	32	62	54	26	89	30	22	92	75	46	42	37	89	58	44	30	21	80	40
G[T>G]C	27	66	60	18	30	506	76	62	83	140	48	92	106	454	21	80	31	31	27	233	257	54	18	147	85	105	33	179	11	44	180	134	17	36	38	119	81	56	29	89	52	38	74	72	119	42	29	35	95	127	69	181	71	47	118	15	20	138	135	30	80	31	60	97	36	102	117	98	31	128	31	52	61	55	18	19	23	56	62	98	22	91	73	225	138	97	66	17	130	257	19	103	66	128	41	40	35	57	48	34
G[T>G]G	76	138	59	24	56	101	47	101	107	192	55	192	63	376	57	133	42	113	30	189	75	80	46	66	66	132	25	80	26	51	163	114	68	8	67	236	188	74	91	40	172	85	88	27	129	90	14	36	223	149	140	130	128	24	114	38	18	108	148	72	63	20	56	45	67	133	186	95	38	69	74	65	81	92	21	51	99	164	68	152	96	92	118	133	68	187	85	43	216	226	73	123	135	169	49	79	47	45	226	63
G[T>G]T	104	735	1015	98	93	5497	1126	577	1408	988	973	1137	3127	4763	51	588	429	210	148	7419	2729	238	223	1548	650	774	515	1571	160	365	1402	2162	103	584	231	789	855	1337	87	1148	495	292	389	913	1512	515	905	536	880	1690	350	2024	708	2018	3220	134	271	2045	1696	623	757	613	1069	1073	225	1505	1654	654	102	2072	547	667	935	247	291	155	214	90	705	1668	580	1111	1297	1769	2595	1708	1576	63	1553	1508	51	781	375	1464	133	126	327	1146	146	355
T[C>A]A	372	608	527	83	539	98	25	137	237	559	305	422	65	827	56	425	107	352	41	201	46	573	131	612	381	517	194	249	10	356	291	501	189	0	607	635	788	194	356	95	397	117	383	59	352	210	154	130	355	689	691	416	578	101	167	110	7	306	268	300	40	7	155	181	175	123	475	276	205	264	491	132	582	334	10	163	87	429	400	757	578	322	234	325	309	159	328	278	462	883	204	184	673	658	289	335	303	234	692	387
T[C>A]C	275	532	404	65	262	90	46	152	246	498	207	505	67	671	74	421	144	357	74	213	55	389	41	334	387	405	79	171	37	242	299	311	136	3	390	689	519	286	444	88	426	75	428	31	222	140	30	137	324	305	368	460	380	43	244	87	18	267	291	199	123	17	126	149	193	153	361	369	120	145	335	133	415	125	11	139	114	442	259	454	368	186	215	350	162	215	345	237	400	573	271	189	696	485	236	258	222	145	460	370
T[C>A]G	71	84	83	20	69	21	8	51	64	74	25	87	25	103	10	28	41	34	6	31	17	87	14	83	49	89	21	37	8	55	69	57	29	3	52	150	113	35	54	25	56	38	90	10	83	34	30	23	54	167	141	95	68	21	38	26	3	43	78	57	8	1	40	17	34	36	79	54	27	32	86	28	59	31	0	28	8	71	36	109	88	36	45	61	51	70	104	51	41	138	44	45	125	188	41	62	42	72	104	93
T[C>A]T	446	704	904	102	550	286	121	159	337	500	370	826	100	1327	79	408	126	247	43	284	156	759	77	681	366	478	117	299	55	443	666	445	309	12	369	898	897	360	518	152	380	190	502	89	451	192	89	118	499	963	1573	681	359	110	281	105	14	250	345	530	63	29	383	107	274	260	401	386	193	244	884	144	489	337	22	173	57	544	323	1045	941	264	348	371	342	458	954	565	394	1147	237	279	1226	1078	323	331	234	394	1039	780
T[C>G]A	161	924	88	231	209	369	36	139	186	317	83	379	52	347	112	189	115	424	45	186	104	150	49	401	176	692	157	129	31	92	136	283	64	12	402	326	443	148	180	27	278	163	195	56	138	128	533	67	328	276	541	789	283	537	159	330	26	207	196	115	90	35	24	62	82	168	253	263	140	540	68	124	158	253	128	90	136	375	179	158	275	200	110	210	205	523	74	52	341	790	107	198	275	198	180	215	138	387	221	104
T[C>G]C	135	337	86	74	374	151	31	146	130	377	52	402	45	582	102	170	111	263	44	144	53	163	43	147	109	284	95	133	48	120	128	207	47	1	299	353	448	215	249	29	383	95	330	50	213	134	132	95	276	175	335	278	232	131	173	93	7	246	235	78	124	10	27	50	170	112	325	158	90	171	86	133	210	163	27	91	153	295	333	188	95	232	153	333	208	302	82	67	320	285	123	148	447	220	139	353	90	90	307	143
T[C>G]G	28	83	13	18	35	23	8	14	40	42	5	50	21	53	12	19	16	22	7	28	8	18	14	40	28	70	10	34	3	17	29	8	12	0	48	88	32	30	34	7	22	39	31	11	34	31	31	14	71	37	63	52	16	20	31	24	4	28	40	26	8	5	9	9	19	16	34	49	15	27	20	19	38	40	5	15	9	50	26	29	31	41	28	33	31	64	21	19	26	86	15	32	34	54	11	34	14	20	34	31
T[C>G]T	218	1395	183	248	307	694	58	190	409	574	134	411	162	792	131	452	134	535	30	240	96	293	63	386	237	639	252	209	49	192	278	510	67	11	846	507	755	255	633	42	443	222	370	76	303	383	747	147	438	463	1232	896	408	596	297	354	15	327	451	86	181	42	60	95	243	261	728	491	154	637	140	211	284	289	112	110	256	499	363	267	128	291	372	438	586	583	119	114	549	915	176	327	517	333	230	332	203	487	353	211
T[C>T]A	344	550	334	305	475	145	1388	325	335	721	164	1589	740	1102	101	1367	189	585	121	757	147	405	112	287	314	548	438	1533	790	598	304	932	103	3	524	811	745	499	492	52	1978	232	523	478	287	269	25	168	886	1106	360	609	773	52	303	214	14	432	425	126	55	854	57	487	506	860	478	929	276	210	525	242	461	338	9	439	78	1322	744	515	936	462	326	514	498	851	1345	375	419	999	394	473	986	1499	389	955	327	79	334	304
T[C>T]C	335	512	235	120	431	184	353	289	416	781	126	776	230	702	120	442	329	369	81	316	144	392	102	338	240	804	205	576	235	303	305	287	135	7	433	1203	712	326	563	58	1004	274	332	260	272	220	15	190	894	497	402	329	433	78	337	156	17	336	512	158	88	143	90	164	216	721	323	544	166	133	275	115	440	278	4	255	158	971	419	354	271	330	500	604	306	712	449	212	361	806	320	414	650	651	202	554	229	118	566	409
T[C>T]G	346	188	136	232	343	264	292	726	382	248	687	619	404	355	302	535	363	156	365	313	295	245	241	323	272	267	350	275	397	166	319	218	237	118	317	411	223	468	615	180	358	459	456	193	514	287	226	92	645	362	454	276	376	147	235	340	413	372	290	364	401	375	280	233	192	461	293	238	177	348	206	465	208	236	156	394	214	606	319	323	354	447	251	243	136	541	784	245	220	422	321	437	267	597	199	207	375	237	365	438
T[C>T]T	344	418	171	324	466	173	1062	348	375	788	144	1385	774	921	87	570	257	467	66	381	201	230	87	367	288	437	228	961	533	295	416	517	69	12	426	975	493	401	474	72	1347	315	350	306	387	234	11	185	733	469	608	427	385	58	294	231	18	366	499	189	59	388	84	310	439	1090	413	640	242	211	540	159	377	236	6	447	168	1099	449	305	665	443	295	354	510	685	1142	210	320	745	475	473	492	1044	294	842	163	107	236	347
T[T>A]A	140	145	127	38	163	142	39	100	130	213	79	219	91	381	61	96	47	147	40	118	72	113	16	162	71	213	40	132	33	84	188	111	84	13	118	361	218	144	198	44	174	121	201	49	147	57	21	51	239	161	143	136	118	40	112	70	36	166	152	71	63	34	71	61	98	148	181	131	82	92	118	70	122	119	14	72	80	213	157	165	151	124	104	176	84	169	142	96	228	283	75	106	192	210	87	157	74	83	206	115
T[T>A]C	144	368	75	62	211	79	57	65	124	219	48	217	31	422	76	239	60	144	47	87	91	148	70	127	127	231	90	119	10	125	115	202	44	9	126	279	266	91	201	23	225	111	168	24	119	102	46	47	212	59	137	237	246	14	67	46	18	115	126	131	101	46	49	64	136	45	279	207	94	99	80	117	117	211	70	48	83	204	189	123	195	116	97	185	131	198	86	59	166	215	76	83	221	91	162	191	87	38	195	93
T[T>A]G	78	188	44	11	111	39	24	64	116	97	16	160	53	161	48	107	68	105	39	61	50	61	39	79	92	123	46	56	9	54	103	114	31	1	77	227	123	109	78	25	113	88	72	29	86	53	14	31	182	44	136	112	112	10	59	28	18	76	105	70	66	28	25	21	66	67	166	92	61	51	50	96	38	105	32	67	79	95	63	86	124	75	68	112	90	89	48	35	152	186	93	101	98	157	46	99	38	29	138	72
T[T>A]T	180	405	164	49	360	168	50	151	176	478	124	472	89	557	73	398	90	293	57	210	101	187	82	181	254	381	139	255	50	174	212	541	59	19	418	650	487	285	353	37	355	159	343	51	251	121	29	108	547	143	178	277	501	46	181	105	15	277	230	105	77	25	62	109	172	210	415	532	169	143	177	140	257	298	25	191	137	458	310	302	307	209	213	316	188	299	132	105	411	380	141	116	530	222	338	281	200	76	282	180
T[T>C]A	147	403	57	113	197	135	65	449	266	411	53	518	103	475	97	142	192	246	88	277	129	172	103	248	132	283	67	170	29	118	273	198	58	10	194	815	307	267	276	45	394	231	268	131	263	203	37	120	663	135	334	311	328	62	184	159	23	221	375	122	90	37	78	74	206	594	283	277	131	98	74	214	192	232	33	109	172	451	265	300	138	316	307	273	217	328	194	118	374	494	209	291	335	417	134	167	175	117	288	220
T[T>C]C	191	539	72	126	234	168	149	186	181	282	107	336	114	305	193	429	105	186	112	208	194	167	167	369	307	307	185	177	36	158	302	355	106	33	196	506	229	108	175	65	239	211	221	61	308	114	113	87	395	227	268	372	277	40	209	79	60	173	219	287	229	127	81	68	104	247	256	226	206	211	148	263	106	387	181	89	175	245	146	195	554	227	275	276	170	242	214	153	172	347	135	334	253	325	138	164	231	92	373	286
T[T>C]G	120	290	56	53	114	149	75	260	235	227	48	287	96	255	58	126	108	130	97	202	153	95	66	172	106	241	53	147	36	68	155	132	85	8	83	390	162	139	135	56	198	168	194	82	221	99	36	81	619	169	157	199	179	38	214	108	34	163	172	117	73	19	36	52	160	258	190	181	53	93	84	120	128	132	48	66	80	357	136	210	155	125	214	128	115	311	152	114	196	249	197	293	207	355	81	127	100	80	330	263
T[T>C]T	260	744	103	202	307	234	353	347	369	309	83	545	212	475	218	303	187	318	168	433	397	146	252	407	437	567	294	177	75	214	408	469	190	57	263	705	388	250	232	124	344	230	303	97	481	217	98	128	861	343	468	553	395	59	204	183	89	283	393	383	199	132	154	107	180	262	397	312	283	404	120	566	144	503	269	75	266	358	281	356	1110	303	288	310	309	388	223	201	380	705	281	371	234	329	153	303	320	156	370	384
T[T>G]A	112	157	44	33	197	27	8	79	142	191	25	197	26	237	32	556	94	121	21	46	32	278	269	81	71	153	23	78	14	104	89	145	42	0	105	287	247	111	135	16	196	76	105	43	519	44	0	50	257	59	69	122	170	7	55	41	11	133	150	40	31	3	16	32	90	95	203	138	111	162	84	64	130	77	1	80	74	181	95	96	47	156	102	181	70	193	35	48	104	147	100	69	250	93	71	100	61	19	126	71
T[T>G]C	160	340	128	41	259	352	119	154	217	266	120	277	141	697	30	630	81	144	36	468	237	392	188	182	103	246	54	402	33	86	186	290	63	63	177	412	345	234	110	98	200	134	286	101	512	164	96	84	220	244	146	300	236	113	247	48	36	338	301	59	71	60	82	203	162	213	344	271	65	252	127	125	237	152	18	122	68	171	305	267	101	184	213	357	248	292	133	53	281	324	118	202	301	243	148	196	122	74	178	111
T[T>G]G	129	221	100	58	181	288	90	149	233	270	70	217	98	357	55	256	86	145	38	369	191	152	138	159	100	189	54	152	27	120	240	162	48	20	158	367	288	173	168	76	148	85	180	75	293	116	40	65	287	242	81	205	184	68	227	55	17	188	221	72	94	30	58	96	80	236	235	249	109	157	73	74	182	128	28	56	77	201	213	190	105	166	237	292	199	342	91	49	211	374	96	176	158	262	113	113	96	89	247	68
T[T>G]T	254	1094	1359	86	551	5586	1746	691	1978	1464	1285	1556	2065	5681	111	5497	850	525	168	7646	5354	4015	3212	1817	675	1273	502	2823	229	729	3184	2434	264	928	578	1499	1042	905	419	2279	577	447	568	1031	5367	867	839	507	763	1820	572	2704	909	1308	2954	287	494	2167	2394	470	771	701	704	1103	446	1162	2465	1149	192	2602	648	723	978	395	279	433	213	401	712	2070	480	1056	1114	3450	2229	1804	1580	179	2376	3102	327	949	774	1629	343	421	593	781	388	515
