Mutation type,Trinucleotide,Liver-HCC::MSI-H.S.36,Liver-HCC::MSI-H.S.51,Liver-HCC::MSI-H.S.1
C>A,ACA,12.081009468580731,-32.06748319106086,-29.448199357141505
C>A,ACC,-3.4518777484192285,13.013758179414083,13.938528162717432
C>A,ACG,1.540827084387777,10.499624130244115,1.4016129760999263
C>A,ACT,47.23296018828135,0.49273157470469187,-20.704431209957875
C>A,CCA,-12.262851892971305,56.00326589276196,-51.896804981870446
C>A,CCC,-7.249000905139397,-35.62702222649331,-26.260858606979212
C>A,CCG,-1.7473096386649516,-4.9147556594386685,-6.387461904989365
C>A,CCT,-4.742866354676153,20.60799179944263,56.617849395427584
C>A,GCA,-14.509154552212735,0.5109916352765254,-1.1869776032293942
C>A,GCC,8.386626537197884,16.168854090866688,15.429725464367834
C>A,GCG,-6.521280470747655,-3.4678688912413094,3.5299782413008494
C>A,GCT,-7.9915153004255615,-25.410012150953378,83.527213479382
C>A,TCA,22.11373258948114,11.60193581872332,-16.09429732508346
C>A,TCC,-12.78733869616606,-15.005105243837903,15.977635552872073
C>A,TCG,12.970855261352783,4.804110538620229,0.03759976462544756
C>A,TCT,-11.22202567305493,-18.005791257137673,25.867656557728424
C>G,ACA,-25.311959637165955,11.019541829965547,33.56559544470112
C>G,ACC,5.239096418467543,11.8104444001805,6.88563085073428
C>G,ACG,-0.3081473523366949,-3.5209293434044984,3.398462854471763
C>G,ACT,8.812860051904991,15.712464474094574,3.051325799364335
C>G,CCA,14.222376108270069,-14.996084970025251,46.58637121916139
C>G,CCC,23.837131943732295,19.452302074430463,59.44892238714949
C>G,CCG,2.991619088413975,-1.015899901796164,17.493788717477305
C>G,CCT,11.790796258973323,-18.73401675238354,18.157886173409608
C>G,GCA,2.3457351289471227,-8.361942625200413,36.138283163576304
C>G,GCC,17.285402299709485,-14.264281812956092,33.77558752209723
C>G,GCG,-1.1837036797084766,0.1523442083052391,20.31760397341709
C>G,GCT,-4.025490170075152,-15.488368479630616,10.137805261331138
C>G,TCA,-10.98559176904999,19.689333798234117,40.15914949934181
C>G,TCC,-6.62120524147447,35.64690369144347,-18.040388947264773
C>G,TCG,11.825696532043802,1.3669721491333657,8.540699873455917
C>G,TCT,18.96792756173201,14.754378140500833,-2.9839486576354375
C>T,ACA,-15.852261022234131,35.77498956022009,26.49373679165751
C>T,ACC,24.0923468047353,-35.31815732609934,51.841499090005414
C>T,ACG,12.43591336966368,-3.3934567688010304,-258.5446617684938
C>T,ACT,-35.24249332185063,-34.862674796697746,26.03855497450843
C>T,CCA,-26.634127589331413,-43.95008908382323,16.307691415740635
C>T,CCC,2.1562329841387964,-11.536151125375511,-56.159839860201544
C>T,CCG,3.598497274959769,-41.620413998066,-605.7278954216154
C>T,CCT,-1.4631765653628577,-46.21585435113917,112.22120389003163
C>T,GCA,4.82567592156559,11.625736138795872,-462.3310368206671
C>T,GCC,1.5694079146347946,11.614006215276817,-400.9866480726919
C>T,GCG,-18.51962808511803,2.0373437832795247,1160.1775216034703
C>T,GCT,42.341948069259885,10.634321156881128,-32.62067956576357
C>T,TCA,6.416074373430249,40.28655556710228,-13.772990710051772
C>T,TCC,-8.372038055495963,22.627563323115652,99.56124723344482
C>T,TCG,-3.1300905802056747,24.43593877221815,-363.6293990287147
C>T,TCT,-5.009163788612753,18.16940490951137,212.0422985369429
T>A,ATA,-12.746264111115046,5.382588540185338,-21.004943313011424
T>A,ATC,-15.753210874400644,-26.172381103955637,1.2325342336990701
T>A,ATG,7.526080429957602,7.713885779658639,44.614387425689465
T>A,ATT,-6.691481181724313,-21.399709088377193,-29.011751159283534
T>A,CTA,-5.9823427231190145,-7.961808196664272,-1.630991740511206
T>A,CTC,5.61633812109298,21.64826606774953,26.797446294554334
T>A,CTG,-8.40658271391888,-0.08367983797717216,-20.37876709064102
T>A,CTT,2.7143299770584726,9.851000626228476,-30.184717420872232
T>A,GTA,0.1578606707123278,-7.780140705488932,14.324686300983473
T>A,GTC,1.0737432900139332,-4.699544975163118,0.9232711569802916
T>A,GTG,13.501484105050807,-15.55753121430584,14.86208007663408
T>A,GTT,14.482540033195306,-4.972327685337962,7.552593240820748
T>A,TTA,-10.302457189346626,16.0203647319775,30.54303780202848
T>A,TTC,10.597552328954269,1.9963631213725677,-39.2684544245259
T>A,TTG,4.444135981491623,20.873290330141742,16.559487384884484
T>A,TTT,-4.3937224330707,-21.678830460361382,-14.16498335593468
T>C,ATA,-18.94536087735969,-2.5134489515800738,-14.409026504985832
T>C,ATC,9.560781019919801,-52.31894302063961,-12.35824480046989
T>C,ATG,70.28602446659403,80.89446184421996,-18.420753372275385
T>C,ATT,4.477897409951538,-33.78438898366096,17.974942911893095
T>C,CTA,-24.69788522840483,-12.428984446395049,-222.5119882382519
T>C,CTC,-23.297446188543745,53.87177968284706,-95.62462244333295
T>C,CTG,2.1184455088342986,-17.31271662244498,79.61255444940502
T>C,CTT,-11.222628530654305,-52.90926143472737,13.12718672690994
T>C,GTA,33.46594371382706,-19.07693500286001,61.74881719195048
T>C,GTC,-6.5048821909539924,-17.6991210782285,70.07513953736049
T>C,GTG,-42.914769251764284,31.500774456216504,-72.5334853077743
T>C,GTT,6.659096134605036,10.903170705850926,-84.2737783057031
T>C,TTA,-14.214448504156408,-11.613189169118016,54.29520351801443
T>C,TTC,2.8928782799370154,-9.41700040172239,69.30886764037638
T>C,TTG,10.973290851838115,36.688616660193475,-13.019023290991129
T>C,TTT,-22.569602726621426,-7.398908406874,110.88050329496127
T>G,ATA,-4.938633971850244,13.715782537590925,-3.9347782983654866
T>G,ATC,-2.2011743570293127,-11.915141772942217,-19.541676961499604
T>G,ATG,6.4576626450141745,-10.289980206239633,79.81690383168026
T>G,ATT,-10.008303126847451,16.307349962459234,-15.70661034440866
T>G,CTA,-1.5370419558585127,10.921941523133434,-3.734784353184928
T>G,CTC,-3.478221034369014,-15.805740256067729,32.6448642717493
T>G,CTG,-4.863621614258555,-4.360377072159714,6.797710269113026
T>G,CTT,-7.240065942133519,3.287668814558728,22.596137321962118
T>G,GTA,-2.610758650643083,1.150646456199535,16.89703951790603
T>G,GTC,6.204934515541684,-6.036164610717339,3.751762374455353
T>G,GTG,0.2378629609071723,-23.34695295328835,36.133006658351526
T>G,GTT,-2.576551149299526,-13.80617482057366,2.024934161452265
T>G,TTA,-16.613265415746763,5.249129570449668,-13.790394647649237
T>G,TTC,2.8677854752558503,8.23100955074473,42.4726942814555
T>G,TTG,-18.698592331674355,10.855663043365801,49.60007303038461
T>G,TTT,-7.1618058573574785,-23.217791287968396,49.916311552270884
